size,index,value,update_ns
1000,93,6064,121839
1000,37,9920,118862
1000,807,2592,117133
1000,256,1920,116350
1000,350,8674,115564
1000,490,3450,121525
1000,73,4932,115188
1000,71,3618,114617
1000,681,2864,114624
1000,358,7144,114496
1000,989,951,114282
1000,515,7653,114170
1000,22,3188,159003
1000,635,1662,114445
1000,735,2029,114120
1000,865,2653,114010
1000,853,1901,113600
1000,173,3332,117615
1000,959,373,113935
1000,611,7246,121016
1000,103,6410,113661
1000,858,9335,113536
1000,204,4262,113497
1000,557,6973,113610
1000,744,1000,113713
1000,40,9772,113213
1000,855,4258,119207
1000,184,1000,113277
1000,984,3030,113062
1000,367,7704,113024
1000,93,6064,130229
1000,37,9920,125778
1000,807,2592,117262
1000,256,1920,116418
1000,350,8674,124194
1000,490,3450,115940
1000,73,4932,115118
1000,71,3618,114740
1000,681,2864,114682
1000,358,7144,114586
1000,989,951,114069
1000,515,7653,122234
1000,22,3188,114138
1000,635,1662,125986
1000,735,2029,171042
1000,865,2653,134396
1000,853,1901,116852
1000,173,3332,122533
1000,959,373,115400
1000,611,7246,114758
1000,103,6410,114161
1000,858,9335,113959
1000,204,4262,113703
1000,557,6973,114046
1000,744,1000,122389
1000,40,9772,114040
1000,855,4258,113784
1000,184,1000,113292
1000,984,3030,113209
1000,367,7704,113243
1000,93,6064,122076
1000,37,9920,118782
1000,807,2592,117610
1000,256,1920,121637
1000,350,8674,116355
1000,490,3450,115459
1000,73,4932,115002
1000,71,3618,115018
1000,681,2864,114736
1000,358,7144,134682
1000,989,951,114873
1000,515,7653,114461
1000,22,3188,113974
1000,635,1662,113873
1000,735,2029,113943
1000,865,2653,113961
1000,853,1901,127512
1000,173,3332,113958
1000,959,373,113764
1000,611,7246,113648
1000,103,6410,113662
1000,858,9335,113437
1000,204,4262,113421
1000,557,6973,113758
1000,744,1000,114373
1000,40,9772,113980
1000,855,4258,113263
1000,184,1000,113572
1000,984,3030,113419
1000,367,7704,113301
1000,93,6064,121438
1000,37,9920,142545
1000,807,2592,117965
1000,256,1920,116836
1000,350,8674,116272
1000,490,3450,115530
1000,73,4932,114991
1000,71,3618,114387
1000,681,2864,119558
1000,358,7144,114840
1000,989,951,114352
1000,515,7653,113899
1000,22,3188,113883
1000,635,1662,113516
1000,735,2029,113745
1000,865,2653,131714
1000,853,1901,114420
1000,173,3332,113801
1000,959,373,113750
1000,611,7246,113337
1000,103,6410,113304
1000,858,9335,113080
1000,204,4262,117949
1000,557,6973,113564
1000,744,1000,113679
1000,40,9772,113326
1000,855,4258,113023
1000,184,1000,113087
1000,984,3030,113151
1000,367,7704,118513
1000,93,6064,121291
1000,37,9920,125745
1000,807,2592,117346
1000,256,1920,116344
1000,350,8674,115881
1000,490,3450,115024
1000,73,4932,116605
1000,71,3618,114203
1000,681,2864,115302
1000,358,7144,114815
1000,989,951,114380
1000,515,7653,114285
1000,22,3188,114038
1000,635,1662,113954
1000,735,2029,113939
1000,865,2653,114038
1000,853,1901,113894
1000,173,3332,113589
1000,959,373,113365
1000,611,7246,113432
1000,103,6410,113434
1000,858,9335,113259
1000,204,4262,159780
1000,557,6973,173936
1000,744,1000,118212
1000,40,9772,116655
1000,855,4258,115626
1000,184,1000,114943
1000,984,3030,121708
1000,367,7704,114197
1000,93,6064,121789
1000,37,9920,119471
1000,807,2592,117392
1000,256,1920,116672
1000,350,8674,115942
1000,490,3450,133950
1000,73,4932,115559
1000,71,3618,114654
1000,681,2864,114867
1000,358,7144,114504
1000,989,951,113966
1000,515,7653,119392
1000,22,3188,119151
1000,635,1662,113949
1000,735,2029,113921
1000,865,2653,113553
1000,853,1901,113602
1000,173,3332,113664
1000,959,373,113324
1000,611,7246,113123
1000,103,6410,121381
1000,858,9335,113621
1000,204,4262,116774
1000,557,6973,113935
1000,744,1000,113870
1000,40,9772,124539
1000,855,4258,122951
1000,184,1000,113678
1000,984,3030,113510
1000,367,7704,113329
1000,93,6064,121170
1000,37,9920,118695
1000,807,2592,116824
1000,256,1920,115820
1000,350,8674,119715
1000,490,3450,114941
1000,73,4932,114687
1000,71,3618,114551
1000,681,2864,114739
1000,358,7144,114040
1000,989,951,113782
1000,515,7653,117353
1000,22,3188,113751
1000,635,1662,113493
1000,735,2029,113501
1000,865,2653,113387
1000,853,1901,113248
1000,173,3332,113519
1000,959,373,113362
1000,611,7246,118789
1000,103,6410,113359
1000,858,9335,113277
1000,204,4262,113165
1000,557,6973,113459
1000,744,1000,113558
1000,40,9772,113152
1000,855,4258,113084
1000,184,1000,113371
1000,984,3030,112869
1000,367,7704,113060
1000,93,6064,122106
1000,37,9920,119175
1000,807,2592,117335
1000,256,1920,116462
1000,350,8674,115855
1000,490,3450,115321
1000,73,4932,115190
1000,71,3618,114732
1000,681,2864,114772
1000,358,7144,120956
1000,989,951,114138
1000,515,7653,113803
1000,22,3188,113833
1000,635,1662,113795
1000,735,2029,113719
1000,865,2653,113528
1000,853,1901,118169
1000,173,3332,113442
1000,959,373,113473
1000,611,7246,113417
1000,103,6410,113157
1000,858,9335,113366
1000,204,4262,113389
1000,557,6973,113624
1000,744,1000,113704
1000,40,9772,113585
1000,855,4258,113504
1000,184,1000,113387
1000,984,3030,113173
1000,367,7704,113090
1000,93,6064,122453
1000,37,9920,140334
1000,807,2592,118597
1000,256,1920,117036
1000,350,8674,116417
1000,490,3450,116018
1000,73,4932,115534
1000,71,3618,115280
1000,681,2864,115605
1000,358,7144,115372
1000,989,951,114772
1000,515,7653,114490
1000,22,3188,114583
1000,635,1662,114545
1000,735,2029,114589
1000,865,2653,114484
1000,853,1901,114371
1000,173,3332,114198
1000,959,373,114178
1000,611,7246,114078
1000,103,6410,119348
1000,858,9335,113547
1000,204,4262,113603
1000,557,6973,113722
1000,744,1000,113721
1000,40,9772,113629
1000,855,4258,113499
1000,184,1000,121482
1000,984,3030,133989
1000,367,7704,156362
1000,93,6064,165277
1000,37,9920,145731
1000,807,2592,118831
1000,256,1920,149559
1000,350,8674,118257
1000,490,3450,148885
1000,73,4932,116967
1000,71,3618,115576
1000,681,2864,115388
1000,358,7144,115521
1000,989,951,121447
1000,515,7653,114829
1000,22,3188,114336
1000,635,1662,114045
1000,735,2029,114099
1000,865,2653,113890
1000,853,1901,113673
1000,173,3332,119345
1000,959,373,113638
1000,611,7246,113652
1000,103,6410,113308
1000,858,9335,113338
1000,204,4262,113388
1000,557,6973,113557
1000,744,1000,125806
1000,40,9772,113940
1000,855,4258,113665
1000,184,1000,113564
1000,984,3030,113223
1000,367,7704,113165
1000,93,6064,139251
1000,37,9920,119450
1000,807,2592,126508
1000,256,1920,116853
1000,350,8674,116188
1000,490,3450,116004
1000,73,4932,115295
1000,71,3618,114959
1000,681,2864,124856
1000,358,7144,131663
1000,989,951,115158
1000,515,7653,114758
1000,22,3188,114658
1000,635,1662,113983
1000,735,2029,113909
1000,865,2653,113805
1000,853,1901,128880
1000,173,3332,113920
1000,959,373,113501
1000,611,7246,113092
1000,103,6410,113222
1000,858,9335,113203
1000,204,4262,113159
1000,557,6973,136513
1000,744,1000,114306
1000,40,9772,114056
1000,855,4258,121884
1000,184,1000,114128
1000,984,3030,113883
1000,367,7704,113753
1000,93,6064,121594
1000,37,9920,124952
1000,807,2592,117161
1000,256,1920,116100
1000,350,8674,115146
1000,490,3450,127561
1000,73,4932,115209
1000,71,3618,114508
1000,681,2864,114955
1000,358,7144,114547
1000,989,951,113902
1000,515,7653,113752
1000,22,3188,113645
1000,635,1662,113421
1000,735,2029,113359
1000,865,2653,117236
1000,853,1901,113433
1000,173,3332,113239
1000,959,373,113158
1000,611,7246,113144
1000,103,6410,113152
1000,858,9335,113029
1000,204,4262,117158
1000,557,6973,113605
1000,744,1000,113543
1000,40,9772,113405
1000,855,4258,113155
1000,184,1000,113452
1000,984,3030,113403
1000,367,7704,117508
1000,93,6064,128855
1000,37,9920,119226
1000,807,2592,117291
1000,256,1920,116191
1000,350,8674,116005
1000,490,3450,115663
1000,73,4932,115004
1000,71,3618,121097
1000,681,2864,115343
1000,358,7144,114962
1000,989,951,125118
1000,515,7653,114285
1000,22,3188,114312
1000,635,1662,114148
1000,735,2029,121918
1000,865,2653,114475
1000,853,1901,114485
1000,173,3332,114269
1000,959,373,114572
1000,611,7246,122964
1000,103,6410,122434
1000,858,9335,120689
1000,204,4262,113674
1000,557,6973,113861
1000,744,1000,119091
1000,40,9772,141450
1000,855,4258,114447
1000,184,1000,120108
1000,984,3030,113778
1000,367,7704,113495
1000,93,6064,121841
1000,37,9920,118986
1000,807,2592,117428
1000,256,1920,116472
1000,350,8674,115893
1000,490,3450,115342
1000,73,4932,120693
1000,71,3618,114651
1000,681,2864,114883
1000,358,7144,114309
1000,989,951,113991
1000,515,7653,114013
1000,22,3188,113588
1000,635,1662,117249
1000,735,2029,113458
1000,865,2653,126901
1000,853,1901,114174
1000,173,3332,113865
1000,959,373,113703
1000,611,7246,138275
1000,103,6410,118940
1000,858,9335,113852
1000,204,4262,113915
1000,557,6973,114074
1000,744,1000,113898
1000,40,9772,113951
1000,855,4258,117115
1000,184,1000,113778
1000,984,3030,113330
1000,367,7704,113966
1000,93,6064,121743
1000,37,9920,119464
1000,807,2592,117310
1000,256,1920,116014
1000,350,8674,115721
1000,490,3450,115335
1000,73,4932,115224
1000,71,3618,114848
1000,681,2864,115075
1000,358,7144,114763
1000,989,951,120844
1000,515,7653,114207
1000,22,3188,114244
1000,635,1662,113876
1000,735,2029,113927
1000,865,2653,113958
1000,853,1901,113877
1000,173,3332,120687
1000,959,373,113794
1000,611,7246,113566
1000,103,6410,113673
1000,858,9335,113468
1000,204,4262,170704
1000,557,6973,153024
1000,744,1000,117884
1000,40,9772,116377
1000,855,4258,114776
1000,184,1000,114577
1000,984,3030,114162
1000,367,7704,114097
1000,93,6064,121442
1000,37,9920,125469
1000,807,2592,117260
1000,256,1920,116318
1000,350,8674,115927
1000,490,3450,115529
1000,73,4932,114858
1000,71,3618,114538
1000,681,2864,118973
1000,358,7144,114692
1000,989,951,114133
1000,515,7653,113980
1000,22,3188,113933
1000,635,1662,113686
1000,735,2029,113766
1000,865,2653,118064
1000,853,1901,113660
1000,173,3332,113613
1000,959,373,113577
1000,611,7246,113227
1000,103,6410,113344
1000,858,9335,113439
1000,204,4262,117540
1000,557,6973,113522
1000,744,1000,113642
1000,40,9772,113475
1000,855,4258,113361
1000,184,1000,113684
1000,984,3030,127445
1000,367,7704,118721
1000,93,6064,121856
1000,37,9920,119059
1000,807,2592,117538
1000,256,1920,116149
1000,350,8674,115609
1000,490,3450,115023
1000,73,4932,121417
1000,71,3618,114584
1000,681,2864,114634
1000,358,7144,114432
1000,989,951,114097
1000,515,7653,113732
1000,22,3188,113774
1000,635,1662,119587
1000,735,2029,114040
1000,865,2653,113766
1000,853,1901,113820
1000,173,3332,113598
1000,959,373,113397
1000,611,7246,113433
1000,103,6410,119017
1000,858,9335,113622
1000,204,4262,113383
1000,557,6973,113603
1000,744,1000,113677
1000,40,9772,113284
1000,855,4258,113156
1000,184,1000,119379
1000,984,3030,113444
1000,367,7704,113238
1000,93,6064,121585
1000,37,9920,119390
1000,807,2592,117442
1000,256,1920,116263
1000,350,8674,115598
1000,490,3450,119673
1000,73,4932,115147
1000,71,3618,114594
1000,681,2864,114629
1000,358,7144,114539
1000,989,951,114211
1000,515,7653,113662
1000,22,3188,118449
1000,635,1662,113620
1000,735,2029,113471
1000,865,2653,113182
1000,853,1901,113220
1000,173,3332,112831
1000,959,373,113011
1000,611,7246,116900
1000,103,6410,113135
1000,858,9335,112872
1000,204,4262,112991
1000,557,6973,112987
1000,744,1000,113091
1000,40,9772,113234
1000,855,4258,117066
1000,184,1000,113256
1000,984,3030,112980
1000,367,7704,112842
1000,93,6064,121158
1000,37,9920,129894
1000,807,2592,127343
1000,256,1920,117012
1000,350,8674,116103
1000,490,3450,116049
1000,73,4932,115436
1000,71,3618,114691
1000,681,2864,115380
1000,358,7144,114457
1000,989,951,114342
1000,515,7653,130353
1000,22,3188,114257
1000,635,1662,113958
1000,735,2029,113943
1000,865,2653,113815
1000,853,1901,113697
1000,173,3332,113736
1000,959,373,120152
1000,611,7246,113543
1000,103,6410,113802
1000,858,9335,113630
1000,204,4262,113764
1000,557,6973,113651
1000,744,1000,113840
1000,40,9772,123663
1000,855,4258,113928
1000,184,1000,122759
1000,984,3030,113780
1000,367,7704,113419
1000,93,6064,121991
1000,37,9920,119628
1000,807,2592,117669
1000,256,1920,116651
1000,350,8674,124984
1000,490,3450,115948
1000,73,4932,115111
1000,71,3618,114629
1000,681,2864,114672
1000,358,7144,114479
1000,989,951,114186
1000,515,7653,114317
1000,22,3188,113810
1000,635,1662,113653
1000,735,2029,113723
1000,865,2653,113562
1000,853,1901,113652
1000,173,3332,113577
1000,959,373,117347
1000,611,7246,113620
1000,103,6410,113649
1000,858,9335,113368
1000,204,4262,113749
1000,557,6973,113741
1000,744,1000,113496
1000,40,9772,117383
1000,855,4258,113621
1000,184,1000,113783
1000,984,3030,113316
1000,367,7704,113266
1000,93,6064,121804
1000,37,9920,119222
1000,807,2592,117278
1000,256,1920,116431
1000,350,8674,116381
1000,490,3450,115575
1000,73,4932,114882
1000,71,3618,114635
1000,681,2864,114985
1000,358,7144,114651
1000,989,951,123121
1000,515,7653,114719
1000,22,3188,114401
1000,635,1662,113832
1000,735,2029,113636
1000,865,2653,113869
1000,853,1901,114082
1000,173,3332,113828
1000,959,373,113875
1000,611,7246,113478
1000,103,6410,113628
1000,858,9335,113364
1000,204,4262,113464
1000,557,6973,113679
1000,744,1000,119735
1000,40,9772,113598
1000,855,4258,113304
1000,184,1000,113429
1000,984,3030,113239
1000,367,7704,113354
1000,93,6064,121504
1000,37,9920,118934
1000,807,2592,117523
1000,256,1920,121292
1000,350,8674,116212
1000,490,3450,115887
1000,73,4932,115371
1000,71,3618,114790
1000,681,2864,114967
1000,358,7144,114776
1000,989,951,123392
1000,515,7653,115116
1000,22,3188,114157
1000,635,1662,113749
1000,735,2029,113965
1000,865,2653,114037
1000,853,1901,114003
1000,173,3332,118054
1000,959,373,113513
1000,611,7246,113201
1000,103,6410,113280
1000,858,9335,113349
1000,204,4262,113337
1000,557,6973,113569
1000,744,1000,113583
1000,40,9772,113530
1000,855,4258,113305
1000,184,1000,113347
1000,984,3030,113111
1000,367,7704,113169
1000,93,6064,122045
1000,37,9920,118895
1000,807,2592,117010
1000,256,1920,120906
1000,350,8674,115544
1000,490,3450,114973
1000,73,4932,114760
1000,71,3618,114403
1000,681,2864,114460
1000,358,7144,118186
1000,989,951,114163
1000,515,7653,114069
1000,22,3188,113693
1000,635,1662,113679
1000,735,2029,113656
1000,865,2653,118911
1000,853,1901,119837
1000,173,3332,113691
1000,959,373,113655
1000,611,7246,113508
1000,103,6410,113378
1000,858,9335,124569
1000,204,4262,128300
1000,557,6973,144815
1000,744,1000,118650
1000,40,9772,115639
1000,855,4258,122702
1000,184,1000,115120
1000,984,3030,114615
1000,367,7704,114450
1000,93,6064,129428
1000,37,9920,119108
1000,807,2592,117346
1000,256,1920,116347
1000,350,8674,115901
1000,490,3450,115284
1000,73,4932,114748
1000,71,3618,120693
1000,681,2864,114731
1000,358,7144,114505
1000,989,951,114184
1000,515,7653,113755
1000,22,3188,113568
1000,635,1662,113580
1000,735,2029,118854
1000,865,2653,113661
1000,853,1901,113653
1000,173,3332,113230
1000,959,373,113223
1000,611,7246,113391
1000,103,6410,113333
1000,858,9335,113304
1000,204,4262,113562
1000,557,6973,113557
1000,744,1000,113617
1000,40,9772,113357
1000,855,4258,113519
1000,184,1000,113344
1000,984,3030,113205
1000,367,7704,116670
1000,93,6064,126313
1000,37,9920,119189
1000,807,2592,117193
1000,256,1920,116230
1000,350,8674,115844
1000,490,3450,115388
1000,73,4932,114809
1000,71,3618,118933
1000,681,2864,114646
1000,358,7144,114609
1000,989,951,114018
1000,515,7653,113777
1000,22,3188,113663
1000,635,1662,113745
1000,735,2029,118622
1000,865,2653,113758
1000,853,1901,113753
1000,173,3332,113381
1000,959,373,113209
1000,611,7246,113335
1000,103,6410,113231
1000,858,9335,113042
1000,204,4262,113328
1000,557,6973,113730
1000,744,1000,113427
1000,40,9772,113395
1000,855,4258,113329
1000,184,1000,113306
1000,984,3030,135193
1000,367,7704,116469
1000,93,6064,121180
1000,37,9920,118881
1000,807,2592,117276
1000,256,1920,116488
1000,350,8674,115875
1000,490,3450,115393
1000,73,4932,119107
1000,71,3618,114854
1000,681,2864,114702
1000,358,7144,114659
1000,989,951,114205
1000,515,7653,113968
1000,22,3188,113542
1000,635,1662,137886
1000,735,2029,115794
1000,865,2653,113697
1000,853,1901,113653
1000,173,3332,113402
1000,959,373,113243
1000,611,7246,113235
1000,103,6410,113323
1000,858,9335,113564
1000,204,4262,113456
1000,557,6973,113473
1000,744,1000,113912
1000,40,9772,113601
1000,855,4258,113435
1000,184,1000,119084
1000,984,3030,113525
1000,367,7704,113235
1000,93,6064,121455
1000,37,9920,118869
1000,807,2592,116929
1000,256,1920,115823
1000,350,8674,115428
1000,490,3450,115419
1000,73,4932,119843
1000,71,3618,114832
1000,681,2864,115080
1000,358,7144,114445
1000,989,951,114460
1000,515,7653,114387
1000,22,3188,114229
1000,635,1662,118308
1000,735,2029,114069
1000,865,2653,113754
1000,853,1901,113726
1000,173,3332,113604
1000,959,373,113406
1000,611,7246,113371
1000,103,6410,116966
1000,858,9335,113541
1000,204,4262,113669
1000,557,6973,113742
1000,744,1000,113942
1000,40,9772,113573
1000,855,4258,113574
1000,184,1000,117253
1000,984,3030,113439
1000,367,7704,113200
1000,93,6064,121567
1000,37,9920,118979
1000,807,2592,116978
1000,256,1920,116225
1000,350,8674,115815
1000,490,3450,125061
1000,73,4932,115797
1000,71,3618,114814
1000,681,2864,115300
1000,358,7144,114419
1000,989,951,129128
1000,515,7653,121293
1000,22,3188,114526
1000,635,1662,114070
1000,735,2029,114003
1000,865,2653,113921
1000,853,1901,113953
1000,173,3332,114042
1000,959,373,113993
1000,611,7246,117511
1000,103,6410,113609
1000,858,9335,113532
1000,204,4262,113915
1000,557,6973,113850
1000,744,1000,113678
1000,40,9772,113742
1000,855,4258,113574
1000,184,1000,113493
1000,984,3030,113383
1000,367,7704,113390
1000,93,6064,121222
1000,37,9920,119030
1000,807,2592,117254
1000,256,1920,116173
1000,350,8674,129739
1000,490,3450,115733
1000,73,4932,115086
1000,71,3618,114346
1000,681,2864,115098
1000,358,7144,114486
1000,989,951,114211
1000,515,7653,128164
1000,22,3188,114184
1000,635,1662,113946
1000,735,2029,113851
1000,865,2653,113709
1000,853,1901,113833
1000,173,3332,113635
1000,959,373,117867
1000,611,7246,113782
1000,103,6410,113508
1000,858,9335,113197
1000,204,4262,113345
1000,557,6973,113709
1000,744,1000,113660
1000,40,9772,117978
1000,855,4258,113441
1000,184,1000,113412
1000,984,3030,113251
1000,367,7704,113030
1000,93,6064,121464
1000,37,9920,119412
1000,807,2592,117860
1000,256,1920,116109
1000,350,8674,123733
1000,490,3450,115776
1000,73,4932,116976
1000,71,3618,114550
1000,681,2864,126789
1000,358,7144,115182
1000,989,951,114653
1000,515,7653,114610
1000,22,3188,114006
1000,635,1662,113798
1000,735,2029,113723
1000,865,2653,113553
1000,853,1901,113511
1000,173,3332,113331
1000,959,373,119389
1000,611,7246,125313
1000,103,6410,114551
1000,858,9335,131617
1000,204,4262,113751
1000,557,6973,119507
1000,744,1000,126782
1000,40,9772,119747
1000,855,4258,121954
1000,184,1000,114397
1000,984,3030,113874
1000,367,7704,113878
2000,156,6985,271398
2000,1028,550,269458
2000,1010,4292,267228
2000,1034,6262,289152
2000,1552,9832,267347
2000,113,588,266406
2000,1855,3376,272175
2000,1175,1485,266155
2000,681,1075,265058
2000,478,335,307445
2000,489,4703,266252
2000,1345,3,264827
2000,786,6286,267927
2000,1517,2981,263772
2000,1931,4961,264120
2000,1779,7548,263394
2000,1983,6083,283915
2000,1493,5472,264205
2000,855,7900,264162
2000,127,2683,268153
2000,1312,2086,264295
2000,1845,9807,264015
2000,1167,4169,280445
2000,1244,9607,278513
2000,619,8304,265745
2000,1845,8680,265293
2000,593,8772,271112
2000,1731,6366,265043
2000,1389,8486,327915
2000,1582,6685,348767
2000,156,6985,278883
2000,1028,550,277631
2000,1010,4292,267798
2000,1034,6262,266723
2000,1552,9832,266372
2000,113,588,270997
2000,1855,3376,266754
2000,1175,1485,268972
2000,681,1075,270695
2000,478,335,265012
2000,489,4703,265073
2000,1345,3,268374
2000,786,6286,267327
2000,1517,2981,274778
2000,1931,4961,265104
2000,1779,7548,271674
2000,1983,6083,264827
2000,1493,5472,267619
2000,855,7900,268991
2000,127,2683,263942
2000,1312,2086,264308
2000,1845,9807,263630
2000,1167,4169,311942
2000,1244,9607,271805
2000,619,8304,265355
2000,1845,8680,271387
2000,593,8772,264595
2000,1731,6366,264103
2000,1389,8486,288771
2000,1582,6685,265083
2000,156,6985,297718
2000,1028,550,272299
2000,1010,4292,274092
2000,1034,6262,286743
2000,1552,9832,268419
2000,113,588,267426
2000,1855,3376,267437
2000,1175,1485,273784
2000,681,1075,289661
2000,478,335,300134
2000,489,4703,273175
2000,1345,3,265255
2000,786,6286,264243
2000,1517,2981,273973
2000,1931,4961,264262
2000,1779,7548,263742
2000,1983,6083,263655
2000,1493,5472,269329
2000,855,7900,264561
2000,127,2683,264032
2000,1312,2086,275028
2000,1845,9807,263945
2000,1167,4169,291971
2000,1244,9607,313211
2000,619,8304,301051
2000,1845,8680,266560
2000,593,8772,279624
2000,1731,6366,266136
2000,1389,8486,265145
2000,1582,6685,264480
2000,156,6985,271265
2000,1028,550,269761
2000,1010,4292,274140
2000,1034,6262,268055
2000,1552,9832,283416
2000,113,588,288044
2000,1855,3376,267793
2000,1175,1485,267166
2000,681,1075,265218
2000,478,335,272609
2000,489,4703,265365
2000,1345,3,264251
2000,786,6286,287669
2000,1517,2981,264459
2000,1931,4961,275764
2000,1779,7548,272022
2000,1983,6083,276349
2000,1493,5472,279772
2000,855,7900,280577
2000,127,2683,272019
2000,1312,2086,265564
2000,1845,9807,265668
2000,1167,4169,271186
2000,1244,9607,265360
2000,619,8304,265013
2000,1845,8680,270892
2000,593,8772,265554
2000,1731,6366,264662
2000,1389,8486,269787
2000,1582,6685,282326
2000,156,6985,271780
2000,1028,550,270225
2000,1010,4292,268387
2000,1034,6262,295685
2000,1552,9832,286101
2000,113,588,267926
2000,1855,3376,266624
2000,1175,1485,272327
2000,681,1075,265405
2000,478,335,264785
2000,489,4703,270859
2000,1345,3,264137
2000,786,6286,263599
2000,1517,2981,267095
2000,1931,4961,279021
2000,1779,7548,266660
2000,1983,6083,264314
2000,1493,5472,272318
2000,855,7900,265490
2000,127,2683,273924
2000,1312,2086,271177
2000,1845,9807,263874
2000,1167,4169,264316
2000,1244,9607,263899
2000,619,8304,270245
2000,1845,8680,264260
2000,593,8772,264137
2000,1731,6366,270878
2000,1389,8486,264848
2000,1582,6685,263773
2000,156,6985,271168
2000,1028,550,347631
2000,1010,4292,316327
2000,1034,6262,272916
2000,1552,9832,261858
2000,113,588,260702
2000,1855,3376,266233
2000,1175,1485,265978
2000,681,1075,396605
2000,478,335,276321
2000,489,4703,262650
2000,1345,3,260386
2000,786,6286,264741
2000,1517,2981,258483
2000,1931,4961,258193
2000,1779,7548,262679
2000,1983,6083,257084
2000,1493,5472,257863
2000,855,7900,257876
2000,127,2683,280934
2000,1312,2086,257949
2000,1845,9807,264085
2000,1167,4169,258412
2000,1244,9607,286068
2000,619,8304,258748
2000,1845,8680,258072
2000,593,8772,267585
2000,1731,6366,258873
2000,1389,8486,257893
2000,1582,6685,264421
2000,156,6985,263972
2000,1028,550,262639
2000,1010,4292,277673
2000,1034,6262,260978
2000,1552,9832,259947
2000,113,588,259481
2000,1855,3376,259103
2000,1175,1485,259481
2000,681,1075,258355
2000,478,335,261886
2000,489,4703,258416
2000,1345,3,257761
2000,786,6286,262317
2000,1517,2981,257897
2000,1931,4961,257093
2000,1779,7548,257068
2000,1983,6083,260854
2000,1493,5472,257720
2000,855,7900,257570
2000,127,2683,257499
2000,1312,2086,261522
2000,1845,9807,257661
2000,1167,4169,257358
2000,1244,9607,261571
2000,619,8304,258273
2000,1845,8680,276257
2000,593,8772,257875
2000,1731,6366,258752
2000,1389,8486,258203
2000,1582,6685,257798
2000,156,6985,272255
2000,1028,550,263516
2000,1010,4292,261762
2000,1034,6262,267453
2000,1552,9832,260891
2000,113,588,259878
2000,1855,3376,264565
2000,1175,1485,259920
2000,681,1075,258738
2000,478,335,258816
2000,489,4703,326892
2000,1345,3,292539
2000,786,6286,257701
2000,1517,2981,298097
2000,1931,4961,257659
2000,1779,7548,256861
2000,1983,6083,317383
2000,1493,5472,258175
2000,855,7900,258155
2000,127,2683,293662
2000,1312,2086,264172
2000,1845,9807,258443
2000,1167,4169,258148
2000,1244,9607,301604
2000,619,8304,263779
2000,1845,8680,258483
2000,593,8772,302624
2000,1731,6366,257888
2000,1389,8486,257793
2000,1582,6685,257639
2000,156,6985,264768
2000,1028,550,262317
2000,1010,4292,308192
2000,1034,6262,260353
2000,1552,9832,260447
2000,113,588,306574
2000,1855,3376,260980
2000,1175,1485,260603
2000,681,1075,268313
2000,478,335,262182
2000,489,4703,267333
2000,1345,3,264208
2000,786,6286,296084
2000,1517,2981,257472
2000,1931,4961,257023
2000,1779,7548,298230
2000,1983,6083,257222
2000,1493,5472,257230
2000,855,7900,261441
2000,127,2683,260798
2000,1312,2086,257194
2000,1845,9807,284943
2000,1167,4169,300098
2000,1244,9607,258883
2000,619,8304,258153
2000,1845,8680,321640
2000,593,8772,258829
2000,1731,6366,272080
2000,1389,8486,298177
2000,1582,6685,258264
2000,156,6985,264440
2000,1028,550,338249
2000,1010,4292,340774
2000,1034,6262,406572
2000,1552,9832,285691
2000,113,588,262526
2000,1855,3376,302905
2000,1175,1485,260502
2000,681,1075,258719
2000,478,335,258138
2000,489,4703,297063
2000,1345,3,258106
2000,786,6286,269664
2000,1517,2981,293942
2000,1931,4961,258003
2000,1779,7548,256630
2000,1983,6083,317353
2000,1493,5472,258140
2000,855,7900,258163
2000,127,2683,257388
2000,1312,2086,264060
2000,1845,9807,257375
2000,1167,4169,257700
2000,1244,9607,264120
2000,619,8304,257581
2000,1845,8680,257602
2000,593,8772,257751
2000,1731,6366,264490
2000,1389,8486,257932
2000,1582,6685,257047
2000,156,6985,268925
2000,1028,550,262983
2000,1010,4292,260897
2000,1034,6262,264366
2000,1552,9832,260736
2000,113,588,259729
2000,1855,3376,259571
2000,1175,1485,259716
2000,681,1075,258074
2000,478,335,258339
2000,489,4703,262231
2000,1345,3,257702
2000,786,6286,257118
2000,1517,2981,257247
2000,1931,4961,257681
2000,1779,7548,256764
2000,1983,6083,257332
2000,1493,5472,261277
2000,855,7900,258146
2000,127,2683,258893
2000,1312,2086,257854
2000,1845,9807,268458
2000,1167,4169,257852
2000,1244,9607,257928
2000,619,8304,275335
2000,1845,8680,258961
2000,593,8772,258270
2000,1731,6366,257384
2000,1389,8486,265281
2000,1582,6685,257512
2000,156,6985,264109
2000,1028,550,300703
2000,1010,4292,269372
2000,1034,6262,282196
2000,1552,9832,266022
2000,113,588,260928
2000,1855,3376,260181
2000,1175,1485,263725
2000,681,1075,258955
2000,478,335,268210
2000,489,4703,270543
2000,1345,3,258554
2000,786,6286,257517
2000,1517,2981,257571
2000,1931,4961,269258
2000,1779,7548,257519
2000,1983,6083,257532
2000,1493,5472,264232
2000,855,7900,258565
2000,127,2683,258027
2000,1312,2086,257918
2000,1845,9807,270516
2000,1167,4169,267338
2000,1244,9607,266198
2000,619,8304,285084
2000,1845,8680,259019
2000,593,8772,258406
2000,1731,6366,257702
2000,1389,8486,261892
2000,1582,6685,257910
2000,156,6985,264770
2000,1028,550,263115
2000,1010,4292,261163
2000,1034,6262,260827
2000,1552,9832,266948
2000,113,588,260281
2000,1855,3376,260176
2000,1175,1485,267976
2000,681,1075,258477
2000,478,335,257640
2000,489,4703,258243
2000,1345,3,263429
2000,786,6286,257254
2000,1517,2981,257128
2000,1931,4961,264715
2000,1779,7548,257152
2000,1983,6083,257471
2000,1493,5472,257462
2000,855,7900,267029
2000,127,2683,257460
2000,1312,2086,257725
2000,1845,9807,257115
2000,1167,4169,266144
2000,1244,9607,260637
2000,619,8304,257572
2000,1845,8680,266543
2000,593,8772,258365
2000,1731,6366,257214
2000,1389,8486,312200
2000,1582,6685,258247
2000,156,6985,264351
2000,1028,550,280222
2000,1010,4292,261344
2000,1034,6262,260355
2000,1552,9832,265260
2000,113,588,259689
2000,1855,3376,269648
2000,1175,1485,265763
2000,681,1075,264978
2000,478,335,258473
2000,489,4703,258170
2000,1345,3,269060
2000,786,6286,258684
2000,1517,2981,322602
2000,1931,4961,269578
2000,1779,7548,259484
2000,1983,6083,257994
2000,1493,5472,258529
2000,855,7900,264102
2000,127,2683,258517
2000,1312,2086,257458
2000,1845,9807,284383
2000,1167,4169,258129
2000,1244,9607,257812
2000,619,8304,258083
2000,1845,8680,263702
2000,593,8772,258326
2000,1731,6366,257237
2000,1389,8486,262353
2000,1582,6685,257668
2000,156,6985,263973
2000,1028,550,269604
2000,1010,4292,260973
2000,1034,6262,260720
2000,1552,9832,264578
2000,113,588,259443
2000,1855,3376,260043
2000,1175,1485,258921
2000,681,1075,261440
2000,478,335,257506
2000,489,4703,257800
2000,1345,3,261039
2000,786,6286,256717
2000,1517,2981,257118
2000,1931,4961,256700
2000,1779,7548,264335
2000,1983,6083,296008
2000,1493,5472,258370
2000,855,7900,264815
2000,127,2683,257395
2000,1312,2086,257292
2000,1845,9807,260709
2000,1167,4169,262261
2000,1244,9607,257896
2000,619,8304,256863
2000,1845,8680,260776
2000,593,8772,257317
2000,1731,6366,257274
2000,1389,8486,257504
2000,1582,6685,260606
2000,156,6985,283395
2000,1028,550,271481
2000,1010,4292,270180
2000,1034,6262,269743
2000,1552,9832,272711
2000,113,588,260556
2000,1855,3376,260172
2000,1175,1485,260360
2000,681,1075,269557
2000,478,335,258472
2000,489,4703,258085
2000,1345,3,263369
2000,786,6286,257668
2000,1517,2981,257155
2000,1931,4961,257031
2000,1779,7548,262646
2000,1983,6083,257191
2000,1493,5472,257752
2000,855,7900,263768
2000,127,2683,257346
2000,1312,2086,257487
2000,1845,9807,256809
2000,1167,4169,263050
2000,1244,9607,257784
2000,619,8304,257170
2000,1845,8680,271568
2000,593,8772,276234
2000,1731,6366,263759
2000,1389,8486,257891
2000,1582,6685,280739
2000,156,6985,264276
2000,1028,550,262459
2000,1010,4292,275457
2000,1034,6262,260766
2000,1552,9832,260152
2000,113,588,263946
2000,1855,3376,261814
2000,1175,1485,260620
2000,681,1075,265422
2000,478,335,258233
2000,489,4703,258002
2000,1345,3,257556
2000,786,6286,265762
2000,1517,2981,257538
2000,1931,4961,257877
2000,1779,7548,263295
2000,1983,6083,257451
2000,1493,5472,259811
2000,855,7900,260124
2000,127,2683,263690
2000,1312,2086,257979
2000,1845,9807,257550
2000,1167,4169,263411
2000,1244,9607,257886
2000,619,8304,257442
2000,1845,8680,257660
2000,593,8772,261023
2000,1731,6366,257277
2000,1389,8486,261733
2000,1582,6685,261088
2000,156,6985,264448
2000,1028,550,378388
2000,1010,4292,273031
2000,1034,6262,261827
2000,1552,9832,261390
2000,113,588,269720
2000,1855,3376,260266
2000,1175,1485,260767
2000,681,1075,258343
2000,478,335,267639
2000,489,4703,258684
2000,1345,3,257774
2000,786,6286,267431
2000,1517,2981,258536
2000,1931,4961,271852
2000,1779,7548,258289
2000,1983,6083,257606
2000,1493,5472,258407
2000,855,7900,258141
2000,127,2683,267645
2000,1312,2086,257664
2000,1845,9807,257541
2000,1167,4169,257353
2000,1244,9607,281700
2000,619,8304,360646
2000,1845,8680,260618
2000,593,8772,259665
2000,1731,6366,258348
2000,1389,8486,258010
2000,1582,6685,267168
2000,156,6985,264969
2000,1028,550,263149
2000,1010,4292,268685
2000,1034,6262,260439
2000,1552,9832,260371
2000,113,588,266968
2000,1855,3376,269515
2000,1175,1485,268113
2000,681,1075,261745
2000,478,335,265836
2000,489,4703,258231
2000,1345,3,257426
2000,786,6286,266132
2000,1517,2981,257356
2000,1931,4961,257092
2000,1779,7548,257149
2000,1983,6083,263021
2000,1493,5472,258009
2000,855,7900,261272
2000,127,2683,264096
2000,1312,2086,257853
2000,1845,9807,257397
2000,1167,4169,257546
2000,1244,9607,263628
2000,619,8304,257602
2000,1845,8680,257325
2000,593,8772,261092
2000,1731,6366,257185
2000,1389,8486,256790
2000,1582,6685,257371
2000,156,6985,263990
2000,1028,550,263064
2000,1010,4292,266814
2000,1034,6262,261048
2000,1552,9832,260431
2000,113,588,260213
2000,1855,3376,259762
2000,1175,1485,260067
2000,681,1075,258291
2000,478,335,261702
2000,489,4703,258453
2000,1345,3,257704
2000,786,6286,279034
2000,1517,2981,258325
2000,1931,4961,256751
2000,1779,7548,256847
2000,1983,6083,261069
2000,1493,5472,257662
2000,855,7900,257406
2000,127,2683,257277
2000,1312,2086,262891
2000,1845,9807,365136
2000,1167,4169,261126
2000,1244,9607,266635
2000,619,8304,258167
2000,1845,8680,258578
2000,593,8772,268865
2000,1731,6366,257808
2000,1389,8486,257730
2000,1582,6685,257414
2000,156,6985,264723
2000,1028,550,263077
2000,1010,4292,260898
2000,1034,6262,261248
2000,1552,9832,260492
2000,113,588,260328
2000,1855,3376,281401
2000,1175,1485,260695
2000,681,1075,258989
2000,478,335,265443
2000,489,4703,268970
2000,1345,3,258192
2000,786,6286,267333
2000,1517,2981,263782
2000,1931,4961,257702
2000,1779,7548,256909
2000,1983,6083,262049
2000,1493,5472,257800
2000,855,7900,257716
2000,127,2683,257088
2000,1312,2086,262618
2000,1845,9807,257262
2000,1167,4169,256979
2000,1244,9607,263539
2000,619,8304,257697
2000,1845,8680,258124
2000,593,8772,257663
2000,1731,6366,263015
2000,1389,8486,257844
2000,1582,6685,257179
2000,156,6985,270980
2000,1028,550,263015
2000,1010,4292,310510
2000,1034,6262,287721
2000,1552,9832,261959
2000,113,588,259971
2000,1855,3376,266218
2000,1175,1485,260075
2000,681,1075,257595
2000,478,335,257730
2000,489,4703,263728
2000,1345,3,257413
2000,786,6286,257019
2000,1517,2981,262891
2000,1931,4961,256771
2000,1779,7548,276992
2000,1983,6083,263171
2000,1493,5472,281077
2000,855,7900,319946
2000,127,2683,277482
2000,1312,2086,265190
2000,1845,9807,257605
2000,1167,4169,257847
2000,1244,9607,263429
2000,619,8304,258005
2000,1845,8680,303693
2000,593,8772,258205
2000,1731,6366,279563
2000,1389,8486,258030
2000,1582,6685,257478
2000,156,6985,271976
2000,1028,550,285993
2000,1010,4292,291025
2000,1034,6262,268519
2000,1552,9832,260665
2000,113,588,279192
2000,1855,3376,267715
2000,1175,1485,259761
2000,681,1075,258442
2000,478,335,319431
2000,489,4703,265949
2000,1345,3,304298
2000,786,6286,257828
2000,1517,2981,262403
2000,1931,4961,257668
2000,1779,7548,257097
2000,1983,6083,257144
2000,1493,5472,257356
2000,855,7900,257814
2000,127,2683,257368
2000,1312,2086,277134
2000,1845,9807,257063
2000,1167,4169,257649
2000,1244,9607,258016
2000,619,8304,263017
2000,1845,8680,258367
2000,593,8772,283842
2000,1731,6366,265639
2000,1389,8486,271764
2000,1582,6685,327164
2000,156,6985,264995
2000,1028,550,262541
2000,1010,4292,261216
2000,1034,6262,265794
2000,1552,9832,260711
2000,113,588,260101
2000,1855,3376,268156
2000,1175,1485,260488
2000,681,1075,258790
2000,478,335,257606
2000,489,4703,259186
2000,1345,3,258001
2000,786,6286,365846
2000,1517,2981,262787
2000,1931,4961,259094
2000,1779,7548,257781
2000,1983,6083,267186
2000,1493,5472,258511
2000,855,7900,258198
2000,127,2683,257819
2000,1312,2086,265108
2000,1845,9807,258283
2000,1167,4169,257514
2000,1244,9607,265470
2000,619,8304,257244
2000,1845,8680,257656
2000,593,8772,263306
2000,1731,6366,257537
2000,1389,8486,257364
2000,1582,6685,256990
2000,156,6985,271304
2000,1028,550,262628
2000,1010,4292,260822
2000,1034,6262,264418
2000,1552,9832,260229
2000,113,588,259825
2000,1855,3376,259331
2000,1175,1485,259882
2000,681,1075,258456
2000,478,335,258321
2000,489,4703,261665
2000,1345,3,258073
2000,786,6286,256866
2000,1517,2981,260586
2000,1931,4961,257553
2000,1779,7548,257141
2000,1983,6083,257038
2000,1493,5472,262010
2000,855,7900,257823
2000,127,2683,257732
2000,1312,2086,257493
2000,1845,9807,261423
2000,1167,4169,257747
2000,1244,9607,257980
2000,619,8304,261636
2000,1845,8680,258769
2000,593,8772,257497
2000,1731,6366,257976
2000,1389,8486,260348
2000,1582,6685,257745
2000,156,6985,265030
2000,1028,550,263797
2000,1010,4292,262170
2000,1034,6262,260237
2000,1552,9832,267009
2000,113,588,259741
2000,1855,3376,260139
2000,1175,1485,266144
2000,681,1075,260811
2000,478,335,258493
2000,489,4703,257973
2000,1345,3,268929
2000,786,6286,260569
2000,1517,2981,257637
2000,1931,4961,263989
2000,1779,7548,257443
2000,1983,6083,257579
2000,1493,5472,258097
2000,855,7900,261848
2000,127,2683,263527
2000,1312,2086,257871
2000,1845,9807,262767
2000,1167,4169,257655
2000,1244,9607,258098
2000,619,8304,257308
2000,1845,8680,263856
2000,593,8772,257947
2000,1731,6366,257293
2000,1389,8486,265719
2000,1582,6685,257714
2000,156,6985,282744
2000,1028,550,270638
2000,1010,4292,271400
2000,1034,6262,268894
2000,1552,9832,261147
2000,113,588,268096
2000,1855,3376,260382
2000,1175,1485,260263
2000,681,1075,263886
2000,478,335,258363
2000,489,4703,258214
2000,1345,3,262959
2000,786,6286,257404
2000,1517,2981,257173
2000,1931,4961,257307
2000,1779,7548,273953
2000,1983,6083,257868
2000,1493,5472,258291
2000,855,7900,257922
2000,127,2683,273791
2000,1312,2086,275152
2000,1845,9807,258434
2000,1167,4169,327774
2000,1244,9607,259331
2000,619,8304,267244
2000,1845,8680,291524
2000,593,8772,279200
2000,1731,6366,280455
2000,1389,8486,297354
2000,1582,6685,260335
2000,156,6985,264560
2000,1028,550,269389
2000,1010,4292,261577
2000,1034,6262,260248
2000,1552,9832,270582
2000,113,588,260047
2000,1855,3376,259968
2000,1175,1485,268501
2000,681,1075,265636
2000,478,335,258857
2000,489,4703,261482
2000,1345,3,266057
2000,786,6286,257844
2000,1517,2981,256950
2000,1931,4961,264190
2000,1779,7548,263415
2000,1983,6083,257762
2000,1493,5472,258111
2000,855,7900,263529
2000,127,2683,257580
2000,1312,2086,257679
2000,1845,9807,257619
2000,1167,4169,264823
2000,1244,9607,257984
2000,619,8304,257345
2000,1845,8680,275127
2000,593,8772,259132
2000,1731,6366,258139
2000,1389,8486,268153
2000,1582,6685,258175
2000,156,6985,264255
2000,1028,550,269016
2000,1010,4292,260904
2000,1034,6262,260382
2000,1552,9832,319493
2000,113,588,261077
2000,1855,3376,260182
2000,1175,1485,260266
2000,681,1075,265087
2000,478,335,258969
2000,489,4703,258153
2000,1345,3,262534
2000,786,6286,257499
2000,1517,2981,257286
2000,1931,4961,257104
2000,1779,7548,260116
2000,1983,6083,256990
2000,1493,5472,270756
2000,855,7900,310483
2000,127,2683,260175
2000,1312,2086,259476
2000,1845,9807,257768
2000,1167,4169,298048
2000,1244,9607,273368
2000,619,8304,259444
2000,1845,8680,298270
2000,593,8772,274299
2000,1731,6366,259460
2000,1389,8486,265346
2000,1582,6685,258540
2000,156,6985,263918
2000,1028,550,269746
2000,1010,4292,260841
2000,1034,6262,260156
2000,1552,9832,269575
2000,113,588,259952
2000,1855,3376,260250
2000,1175,1485,273991
2000,681,1075,259040
2000,478,335,258510
2000,489,4703,258360
2000,1345,3,267506
2000,786,6286,257853
2000,1517,2981,257159
2000,1931,4961,263458
2000,1779,7548,256658
2000,1983,6083,257154
2000,1493,5472,265657
2000,855,7900,264942
2000,127,2683,257866
2000,1312,2086,257230
2000,1845,9807,257149
2000,1167,4169,263821
2000,1244,9607,258193
2000,619,8304,260307
2000,1845,8680,264691
2000,593,8772,258486
2000,1731,6366,257944
2000,1389,8486,265637
2000,1582,6685,257737
3000,104,5822,431116
3000,26,5919,419619
3000,1303,8072,424941
3000,2978,3714,418519
3000,576,9385,417913
3000,1818,4918,423769
3000,2903,2416,417523
3000,1887,5409,426648
3000,1450,7744,418267
3000,1952,8009,428300
3000,529,3422,443262
3000,2670,986,429645
3000,168,1903,483539
3000,1107,4792,425505
3000,1931,6405,527850
3000,2543,61,464751
3000,2146,5178,418986
3000,1573,2756,442167
3000,431,7110,418209
3000,41,8631,422203
3000,272,1333,418130
3000,214,3534,472683
3000,584,8118,418781
3000,1179,3132,420524
3000,606,7328,417024
3000,1354,6909,428518
3000,2845,8217,462760
3000,2654,7131,418006
3000,1700,3571,455754
3000,2811,6473,417680
3000,104,5822,425761
3000,26,5919,465142
3000,1303,8072,418951
3000,2978,3714,429447
3000,576,9385,459020
3000,1818,4918,417445
3000,2903,2416,465853
3000,1887,5409,418372
3000,1450,7744,459358
3000,1952,8009,417920
3000,529,3422,469662
3000,2670,986,418549
3000,168,1903,462728
3000,1107,4792,417324
3000,1931,6405,426363
3000,2543,61,418088
3000,2146,5178,493294
3000,1573,2756,418200
3000,431,7110,464039
3000,41,8631,417950
3000,272,1333,474420
3000,214,3534,417978
3000,584,8118,425808
3000,1179,3132,417557
3000,606,7328,418132
3000,1354,6909,456855
3000,2845,8217,417917
3000,2654,7131,426633
3000,1700,3571,417425
3000,2811,6473,426199
3000,104,5822,430181
3000,26,5919,467802
3000,1303,8072,424579
3000,2978,3714,418474
3000,576,9385,421482
3000,1818,4918,417731
3000,2903,2416,417166
3000,1887,5409,417469
3000,1450,7744,417502
3000,1952,8009,440167
3000,529,3422,426501
3000,2670,986,428208
3000,168,1903,437236
3000,1107,4792,421889
3000,1931,6405,417331
3000,2543,61,468586
3000,2146,5178,475222
3000,1573,2756,422082
3000,431,7110,418196
3000,41,8631,420508
3000,272,1333,417886
3000,214,3534,418107
3000,584,8118,417541
3000,1179,3132,418062
3000,606,7328,457822
3000,1354,6909,444257
3000,2845,8217,423466
3000,2654,7131,437111
3000,1700,3571,421599
3000,2811,6473,417768
3000,104,5822,426367
3000,26,5919,428432
3000,1303,8072,419362
3000,2978,3714,418327
3000,576,9385,425925
3000,1818,4918,434844
3000,2903,2416,427102
3000,1887,5409,418688
3000,1450,7744,425240
3000,1952,8009,429738
3000,529,3422,427698
3000,2670,986,418361
3000,168,1903,427370
3000,1107,4792,418054
3000,1931,6405,418292
3000,2543,61,449334
3000,2146,5178,429748
3000,1573,2756,428445
3000,431,7110,419373
3000,41,8631,426831
3000,272,1333,433536
3000,214,3534,424108
3000,584,8118,418050
3000,1179,3132,448151
3000,606,7328,418711
3000,1354,6909,427210
3000,2845,8217,417635
3000,2654,7131,417613
3000,1700,3571,422413
3000,2811,6473,417231
3000,104,5822,455295
3000,26,5919,424806
3000,1303,8072,438512
3000,2978,3714,424170
3000,576,9385,418458
3000,1818,4918,432112
3000,2903,2416,477779
3000,1887,5409,425781
3000,1450,7744,417613
3000,1952,8009,417791
3000,529,3422,423462
3000,2670,986,417269
3000,168,1903,423554
3000,1107,4792,417145
3000,1931,6405,440711
3000,2543,61,446810
3000,2146,5178,487070
3000,1573,2756,436817
3000,431,7110,432653
3000,41,8631,418350
3000,272,1333,424229
3000,214,3534,474221
3000,584,8118,439349
3000,1179,3132,418178
3000,606,7328,421948
3000,1354,6909,417712
3000,2845,8217,417387
3000,2654,7131,421324
3000,1700,3571,417483
3000,2811,6473,439421
3000,104,5822,427609
3000,26,5919,419722
3000,1303,8072,428723
3000,2978,3714,417769
3000,576,9385,427593
3000,1818,4918,417445
3000,2903,2416,428109
3000,1887,5409,418243
3000,1450,7744,417068
3000,1952,8009,418144
3000,529,3422,433244
3000,2670,986,427989
3000,168,1903,418636
3000,1107,4792,438409
3000,1931,6405,418855
3000,2543,61,429684
3000,2146,5178,418197
3000,1573,2756,455075
3000,431,7110,419970
3000,41,8631,511441
3000,272,1333,433413
3000,214,3534,428636
3000,584,8118,418304
3000,1179,3132,445560
3000,606,7328,433070
3000,1354,6909,426280
3000,2845,8217,417751
3000,2654,7131,427837
3000,1700,3571,423801
3000,2811,6473,417387
3000,104,5822,447832
3000,26,5919,427771
3000,1303,8072,419064
3000,2978,3714,426205
3000,576,9385,433769
3000,1818,4918,418849
3000,2903,2416,425988
3000,1887,5409,428727
3000,1450,7744,425543
3000,1952,8009,418571
3000,529,3422,424083
3000,2670,986,418183
3000,168,1903,423616
3000,1107,4792,417668
3000,1931,6405,459044
3000,2543,61,418715
3000,2146,5178,418055
3000,1573,2756,423978
3000,431,7110,418227
3000,41,8631,443621
3000,272,1333,460130
3000,214,3534,427424
3000,584,8118,424432
3000,1179,3132,426317
3000,606,7328,418193
3000,1354,6909,423935
3000,2845,8217,418219
3000,2654,7131,424512
3000,1700,3571,418175
3000,2811,6473,427450
3000,104,5822,509691
3000,26,5919,419077
3000,1303,8072,418854
3000,2978,3714,423451
3000,576,9385,417945
3000,1818,4918,468029
3000,2903,2416,418281
3000,1887,5409,437044
3000,1450,7744,418575
3000,1952,8009,421685
3000,529,3422,417942
3000,2670,986,420397
3000,168,1903,434600
3000,1107,4792,434467
3000,1931,6405,449673
3000,2543,61,437589
3000,2146,5178,423316
3000,1573,2756,417591
3000,431,7110,483877
3000,41,8631,418975
3000,272,1333,423176
3000,214,3534,417447
3000,584,8118,420309
3000,1179,3132,417713
3000,606,7328,423612
3000,1354,6909,416700
3000,2845,8217,421101
3000,2654,7131,417736
3000,1700,3571,435884
3000,2811,6473,448441
3000,104,5822,438005
3000,26,5919,422025
3000,1303,8072,425457
3000,2978,3714,418167
3000,576,9385,424643
3000,1818,4918,417933
3000,2903,2416,445511
3000,1887,5409,418323
3000,1450,7744,417266
3000,1952,8009,453488
3000,529,3422,417072
3000,2670,986,456944
3000,168,1903,417803
3000,1107,4792,421287
3000,1931,6405,417335
3000,2543,61,431676
3000,2146,5178,420103
3000,1573,2756,420729
3000,431,7110,418424
3000,41,8631,487677
3000,272,1333,421339
3000,214,3534,418332
3000,584,8118,423710
3000,1179,3132,418593
3000,606,7328,421936
3000,1354,6909,417454
3000,2845,8217,420703
3000,2654,7131,418112
3000,1700,3571,421833
3000,2811,6473,417146
3000,104,5822,446801
3000,26,5919,426346
3000,1303,8072,486737
3000,2978,3714,418454
3000,576,9385,422769
3000,1818,4918,417276
3000,2903,2416,422071
3000,1887,5409,418340
3000,1450,7744,421339
3000,1952,8009,418083
3000,529,3422,468855
3000,2670,986,417702
3000,168,1903,436412
3000,1107,4792,436442
3000,1931,6405,417759
3000,2543,61,441232
3000,2146,5178,424334
3000,1573,2756,424808
3000,431,7110,417631
3000,41,8631,421730
3000,272,1333,476798
3000,214,3534,440374
3000,584,8118,417710
3000,1179,3132,421967
3000,606,7328,471075
3000,1354,6909,422018
3000,2845,8217,435884
3000,2654,7131,434784
3000,1700,3571,422366
3000,2811,6473,437543
3000,104,5822,425923
3000,26,5919,425338
3000,1303,8072,418674
3000,2978,3714,423877
3000,576,9385,417584
3000,1818,4918,417519
3000,2903,2416,420340
3000,1887,5409,417975
3000,1450,7744,422694
3000,1952,8009,429423
3000,529,3422,429573
3000,2670,986,418572
3000,168,1903,425434
3000,1107,4792,417809
3000,1931,6405,417020
3000,2543,61,417918
3000,2146,5178,416974
3000,1573,2756,440069
3000,431,7110,417809
3000,41,8631,421673
3000,272,1333,417921
3000,214,3534,420852
3000,584,8118,417945
3000,1179,3132,421159
3000,606,7328,419616
3000,1354,6909,428673
3000,2845,8217,425132
3000,2654,7131,418590
3000,1700,3571,503798
3000,2811,6473,426008
3000,104,5822,426497
3000,26,5919,427090
3000,1303,8072,418505
3000,2978,3714,424498
3000,576,9385,478910
3000,1818,4918,530515
3000,2903,2416,445910
3000,1887,5409,464985
3000,1450,7744,418877
3000,1952,8009,432650
3000,529,3422,418430
3000,2670,986,424534
3000,168,1903,417865
3000,1107,4792,423910
3000,1931,6405,418961
3000,2543,61,419436
3000,2146,5178,418826
3000,1573,2756,418517
3000,431,7110,424882
3000,41,8631,428254
3000,272,1333,552770
3000,214,3534,454050
3000,584,8118,424971
3000,1179,3132,422481
3000,606,7328,419097
3000,1354,6909,417888
3000,2845,8217,423734
3000,2654,7131,417924
3000,1700,3571,423019
3000,2811,6473,418453
3000,104,5822,426591
3000,26,5919,426733
3000,1303,8072,418398
3000,2978,3714,417349
3000,576,9385,438677
3000,1818,4918,417811
3000,2903,2416,423629
3000,1887,5409,417928
3000,1450,7744,427259
3000,1952,8009,430021
3000,529,3422,422261
3000,2670,986,424171
3000,168,1903,424998
3000,1107,4792,418056
3000,1931,6405,417280
3000,2543,61,431637
3000,2146,5178,418438
3000,1573,2756,423867
3000,431,7110,418183
3000,41,8631,424921
3000,272,1333,417950
3000,214,3534,425689
3000,584,8118,431031
3000,1179,3132,445006
3000,606,7328,428988
3000,1354,6909,432371
3000,2845,8217,418378
3000,2654,7131,418238
3000,1700,3571,428442
3000,2811,6473,418239
3000,104,5822,425776
3000,26,5919,428266
3000,1303,8072,418359
3000,2978,3714,417675
3000,576,9385,437786
3000,1818,4918,418107
3000,2903,2416,441762
3000,1887,5409,418267
3000,1450,7744,425136
3000,1952,8009,417720
3000,529,3422,429459
3000,2670,986,418111
3000,168,1903,417034
3000,1107,4792,423434
3000,1931,6405,417263
3000,2543,61,446311
3000,2146,5178,441829
3000,1573,2756,466838
3000,431,7110,418733
3000,41,8631,437819
3000,272,1333,418782
3000,214,3534,465958
3000,584,8118,418073
3000,1179,3132,475627
3000,606,7328,419382
3000,1354,6909,529289
3000,2845,8217,469045
3000,2654,7131,423995
3000,1700,3571,417373
3000,2811,6473,422908
3000,104,5822,425776
3000,26,5919,430362
3000,1303,8072,519655
3000,2978,3714,428070
3000,576,9385,419416
3000,1818,4918,423816
3000,2903,2416,418181
3000,1887,5409,421366
3000,1450,7744,418039
3000,1952,8009,432161
3000,529,3422,418846
3000,2670,986,417944
3000,168,1903,417825
3000,1107,4792,417964
3000,1931,6405,435352
3000,2543,61,417884
3000,2146,5178,422346
3000,1573,2756,444989
3000,431,7110,463013
3000,41,8631,419606
3000,272,1333,421633
3000,214,3534,417853
3000,584,8118,421243
3000,1179,3132,418458
3000,606,7328,426427
3000,1354,6909,418175
3000,2845,8217,417663
3000,2654,7131,421584
3000,1700,3571,418118
3000,2811,6473,420870
3000,104,5822,457608
3000,26,5919,419540
3000,1303,8072,421480
3000,2978,3714,417557
3000,576,9385,420482
3000,1818,4918,417008
3000,2903,2416,417878
3000,1887,5409,485502
3000,1450,7744,418184
3000,1952,8009,422855
3000,529,3422,418007
3000,2670,986,441142
3000,168,1903,418778
3000,1107,4792,421446
3000,1931,6405,417681
3000,2543,61,421226
3000,2146,5178,447928
3000,1573,2756,418090
3000,431,7110,438095
3000,41,8631,421835
3000,272,1333,418150
3000,214,3534,417826
3000,584,8118,420805
3000,1179,3132,477915
3000,606,7328,421663
3000,1354,6909,491450
3000,2845,8217,452741
3000,2654,7131,420345
3000,1700,3571,434855
3000,2811,6473,441002
3000,104,5822,425337
3000,26,5919,436944
3000,1303,8072,418507
3000,2978,3714,513554
3000,576,9385,418211
3000,1818,4918,441202
3000,2903,2416,458570
3000,1887,5409,483031
3000,1450,7744,423954
3000,1952,8009,438695
3000,529,3422,430386
3000,2670,986,418315
3000,168,1903,429557
3000,1107,4792,417682
3000,1931,6405,421016
3000,2543,61,417923
3000,2146,5178,420475
3000,1573,2756,418318
3000,431,7110,478621
3000,41,8631,435821
3000,272,1333,452600
3000,214,3534,418900
3000,584,8118,417374
3000,1179,3132,461892
3000,606,7328,418739
3000,1354,6909,480246
3000,2845,8217,418825
3000,2654,7131,421720
3000,1700,3571,417140
3000,2811,6473,420001
3000,104,5822,455219
3000,26,5919,420358
3000,1303,8072,418133
3000,2978,3714,422418
3000,576,9385,434850
3000,1818,4918,424103
3000,2903,2416,417220
3000,1887,5409,423234
3000,1450,7744,435106
3000,1952,8009,422499
3000,529,3422,418069
3000,2670,986,418059
3000,168,1903,418068
3000,1107,4792,417472
3000,1931,6405,421553
3000,2543,61,418055
3000,2146,5178,439165
3000,1573,2756,418212
3000,431,7110,424516
3000,41,8631,435354
3000,272,1333,423999
3000,214,3534,417614
3000,584,8118,421193
3000,1179,3132,417766
3000,606,7328,417966
3000,1354,6909,439585
3000,2845,8217,441817
3000,2654,7131,431654
3000,1700,3571,417844
3000,2811,6473,423377
3000,104,5822,431035
3000,26,5919,419838
3000,1303,8072,418700
3000,2978,3714,421762
3000,576,9385,418218
3000,1818,4918,420454
3000,2903,2416,425078
3000,1887,5409,424609
3000,1450,7744,471673
3000,1952,8009,423110
3000,529,3422,419213
3000,2670,986,452156
3000,168,1903,418716
3000,1107,4792,441821
3000,1931,6405,417990
3000,2543,61,418395
3000,2146,5178,418215
3000,1573,2756,417563
3000,431,7110,423231
3000,41,8631,418350
3000,272,1333,421920
3000,214,3534,418176
3000,584,8118,420745
3000,1179,3132,480288
3000,606,7328,425507
3000,1354,6909,437282
3000,2845,8217,470782
3000,2654,7131,477516
3000,1700,3571,443590
3000,2811,6473,417277
3000,104,5822,434970
3000,26,5919,419727
3000,1303,8072,427617
3000,2978,3714,418049
3000,576,9385,422227
3000,1818,4918,417688
3000,2903,2416,417639
3000,1887,5409,418611
3000,1450,7744,417433
3000,1952,8009,426488
3000,529,3422,418713
3000,2670,986,425495
3000,168,1903,417626
3000,1107,4792,422201
3000,1931,6405,417430
3000,2543,61,422896
3000,2146,5178,417454
3000,1573,2756,417826
3000,431,7110,424349
3000,41,8631,417942
3000,272,1333,423293
3000,214,3534,417757
3000,584,8118,425358
3000,1179,3132,418560
3000,606,7328,425115
3000,1354,6909,417717
3000,2845,8217,442565
3000,2654,7131,417912
3000,1700,3571,421299
3000,2811,6473,417905
3000,104,5822,452352
3000,26,5919,450886
3000,1303,8072,425856
3000,2978,3714,418771
3000,576,9385,444490
3000,1818,4918,418303
3000,2903,2416,424800
3000,1887,5409,417791
3000,1450,7744,417493
3000,1952,8009,424754
3000,529,3422,417838
3000,2670,986,422328
3000,168,1903,477418
3000,1107,4792,466849
3000,1931,6405,417677
3000,2543,61,422638
3000,2146,5178,443402
3000,1573,2756,422450
3000,431,7110,418170
3000,41,8631,422023
3000,272,1333,418145
3000,214,3534,421433
3000,584,8118,417691
3000,1179,3132,417850
3000,606,7328,429234
3000,1354,6909,418330
3000,2845,8217,422478
3000,2654,7131,417647
3000,1700,3571,482508
3000,2811,6473,417446
3000,104,5822,425736
3000,26,5919,441325
3000,1303,8072,418927
3000,2978,3714,418523
3000,576,9385,423583
3000,1818,4918,417637
3000,2903,2416,421656
3000,1887,5409,417547
3000,1450,7744,475222
3000,1952,8009,418631
3000,529,3422,465399
3000,2670,986,447456
3000,168,1903,486288
3000,1107,4792,439287
3000,1931,6405,425905
3000,2543,61,418658
3000,2146,5178,424290
3000,1573,2756,418094
3000,431,7110,417816
3000,41,8631,418385
3000,272,1333,417393
3000,214,3534,423497
3000,584,8118,417453
3000,1179,3132,494848
3000,606,7328,435650
3000,1354,6909,434125
3000,2845,8217,437470
3000,2654,7131,423933
3000,1700,3571,436531
3000,2811,6473,421572
3000,104,5822,425530
3000,26,5919,425095
3000,1303,8072,419605
3000,2978,3714,421766
3000,576,9385,418087
3000,1818,4918,422602
3000,2903,2416,417873
3000,1887,5409,537898
3000,1450,7744,420075
3000,1952,8009,425593
3000,529,3422,418433
3000,2670,986,417941
3000,168,1903,423171
3000,1107,4792,417871
3000,1931,6405,420683
3000,2543,61,417803
3000,2146,5178,437034
3000,1573,2756,417615
3000,431,7110,421770
3000,41,8631,417745
3000,272,1333,421197
3000,214,3534,417898
3000,584,8118,521190
3000,1179,3132,420357
3000,606,7328,425018
3000,1354,6909,418464
3000,2845,8217,418590
3000,2654,7131,426197
3000,1700,3571,417568
3000,2811,6473,423297
3000,104,5822,430681
3000,26,5919,495002
3000,1303,8072,620695
3000,2978,3714,605463
3000,576,9385,639307
3000,1818,4918,632102
3000,2903,2416,523646
3000,1887,5409,436334
3000,1450,7744,419587
3000,1952,8009,426117
3000,529,3422,418106
3000,2670,986,424448
3000,168,1903,418316
3000,1107,4792,427618
3000,1931,6405,433222
3000,2543,61,419196
3000,2146,5178,419072
3000,1573,2756,417691
3000,431,7110,424407
3000,41,8631,419795
3000,272,1333,425593
3000,214,3534,418448
3000,584,8118,424268
3000,1179,3132,417761
3000,606,7328,423789
3000,1354,6909,418030
3000,2845,8217,423794
3000,2654,7131,417346
3000,1700,3571,416624
3000,2811,6473,446909
3000,104,5822,425987
3000,26,5919,419408
3000,1303,8072,423095
3000,2978,3714,418190
3000,576,9385,422259
3000,1818,4918,417622
3000,2903,2416,461729
3000,1887,5409,418445
3000,1450,7744,420843
3000,1952,8009,427268
3000,529,3422,423118
3000,2670,986,461745
3000,168,1903,420653
3000,1107,4792,461277
3000,1931,6405,418026
3000,2543,61,462720
3000,2146,5178,418316
3000,1573,2756,461933
3000,431,7110,418271
3000,41,8631,421190
3000,272,1333,418183
3000,214,3534,421646
3000,584,8118,417568
3000,1179,3132,421202
3000,606,7328,431941
3000,1354,6909,418419
3000,2845,8217,456321
3000,2654,7131,417748
3000,1700,3571,485565
3000,2811,6473,418465
3000,104,5822,426991
3000,26,5919,425870
3000,1303,8072,419262
3000,2978,3714,423258
3000,576,9385,418779
3000,1818,4918,421217
3000,2903,2416,460203
3000,1887,5409,417993
3000,1450,7744,468934
3000,1952,8009,417797
3000,529,3422,532541
3000,2670,986,446112
3000,168,1903,466516
3000,1107,4792,418662
3000,1931,6405,482095
3000,2543,61,418735
3000,2146,5178,470669
3000,1573,2756,417599
3000,431,7110,438287
3000,41,8631,433412
3000,272,1333,459830
3000,214,3534,417425
3000,584,8118,461921
3000,1179,3132,417559
3000,606,7328,461331
3000,1354,6909,418108
3000,2845,8217,463654
3000,2654,7131,417688
3000,1700,3571,421093
3000,2811,6473,417050
3000,104,5822,500892
3000,26,5919,420301
3000,1303,8072,465574
3000,2978,3714,418790
3000,576,9385,462299
3000,1818,4918,418132
3000,2903,2416,467458
3000,1887,5409,417749
3000,1450,7744,469101
3000,1952,8009,434058
3000,529,3422,423620
3000,2670,986,425817
3000,168,1903,440780
3000,1107,4792,457244
3000,1931,6405,423974
3000,2543,61,524189
3000,2146,5178,478877
3000,1573,2756,418611
3000,431,7110,423390
3000,41,8631,418055
3000,272,1333,423456
3000,214,3534,418002
3000,584,8118,417538
3000,1179,3132,436477
3000,606,7328,417933
3000,1354,6909,434123
3000,2845,8217,434529
3000,2654,7131,434322
3000,1700,3571,437428
3000,2811,6473,426785
3000,104,5822,430816
3000,26,5919,419458
3000,1303,8072,418907
3000,2978,3714,427240
3000,576,9385,418005
3000,1818,4918,424056
3000,2903,2416,417138
3000,1887,5409,425983
3000,1450,7744,417770
3000,1952,8009,424366
3000,529,3422,418162
3000,2670,986,418028
3000,168,1903,430318
3000,1107,4792,418185
3000,1931,6405,421536
3000,2543,61,418027
3000,2146,5178,423390
3000,1573,2756,417359
3000,431,7110,427073
3000,41,8631,418872
3000,272,1333,439122
3000,214,3534,418500
3000,584,8118,417473
3000,1179,3132,418647
3000,606,7328,418617
3000,1354,6909,423986
3000,2845,8217,418555
3000,2654,7131,422425
3000,1700,3571,417283
3000,2811,6473,424754
3000,104,5822,454429
3000,26,5919,419841
3000,1303,8072,418628
3000,2978,3714,422677
3000,576,9385,418518
3000,1818,4918,444230
3000,2903,2416,418746
3000,1887,5409,421831
3000,1450,7744,417741
3000,1952,8009,421157
3000,529,3422,416904
3000,2670,986,417239
3000,168,1903,421111
3000,1107,4792,417568
3000,1931,6405,474930
3000,2543,61,418529
3000,2146,5178,491540
3000,1573,2756,418419
3000,431,7110,424843
3000,41,8631,417936
3000,272,1333,462167
3000,214,3534,417838
3000,584,8118,422997
3000,1179,3132,418035
3000,606,7328,423393
3000,1354,6909,417038
3000,2845,8217,417316
3000,2654,7131,421099
3000,1700,3571,416994
3000,2811,6473,470091
3000,104,5822,455194
3000,26,5919,429511
3000,1303,8072,524622
3000,2978,3714,421030
3000,576,9385,468696
3000,1818,4918,419773
3000,2903,2416,424671
3000,1887,5409,418356
3000,1450,7744,418713
3000,1952,8009,426107
3000,529,3422,431354
3000,2670,986,427768
3000,168,1903,418990
3000,1107,4792,424771
3000,1931,6405,420514
3000,2543,61,479447
3000,2146,5178,469002
3000,1573,2756,460885
3000,431,7110,418981
3000,41,8631,463766
3000,272,1333,418138
3000,214,3534,460719
3000,584,8118,417651
3000,1179,3132,425578
3000,606,7328,418429
3000,1354,6909,477232
3000,2845,8217,427042
3000,2654,7131,423140
3000,1700,3571,487855
3000,2811,6473,417435
4000,2186,8705,587953
4000,1277,2898,601905
4000,3109,687,577449
4000,1567,157,590007
4000,3440,2427,625718
4000,1676,4321,637764
4000,2050,2264,631212
4000,1674,6394,624232
4000,1467,4796,575818
4000,581,5866,622434
4000,1393,6168,596064
4000,424,7495,596797
4000,2908,2458,653519
4000,326,5407,576990
4000,2518,9862,627560
4000,164,4136,658996
4000,3295,7580,577559
4000,689,1285,628996
4000,2547,8420,581613
4000,2982,6695,575863
4000,3918,2766,581629
4000,3042,9198,575771
4000,2033,1468,620722
4000,1749,9795,592136
4000,972,2888,593850
4000,2313,2008,717637
4000,701,50,630163
4000,111,595,584550
4000,2658,5387,612670
4000,1010,360,601192
4000,2186,8705,578308
4000,1277,2898,617269
4000,3109,687,573157
4000,1567,157,599310
4000,3440,2427,603823
4000,1676,4321,562998
4000,2050,2264,608470
4000,1674,6394,657909
4000,1467,4796,563525
4000,581,5866,598107
4000,1393,6168,562850
4000,424,7495,614966
4000,2908,2458,591620
4000,326,5407,588955
4000,2518,9862,602198
4000,164,4136,568117
4000,3295,7580,574646
4000,689,1285,617460
4000,2547,8420,563064
4000,2982,6695,611178
4000,3918,2766,562112
4000,3042,9198,609973
4000,2033,1468,606167
4000,1749,9795,562021
4000,972,2888,612306
4000,2313,2008,562382
4000,701,50,605322
4000,111,595,611418
4000,2658,5387,561670
4000,1010,360,613560
4000,2186,8705,588784
4000,1277,2898,610389
4000,3109,687,611433
4000,1567,157,563193
4000,3440,2427,605480
4000,1676,4321,606732
4000,2050,2264,562736
4000,1674,6394,566280
4000,1467,4796,702451
4000,581,5866,623860
4000,1393,6168,629472
4000,424,7495,603452
4000,2908,2458,564085
4000,326,5407,643093
4000,2518,9862,562336
4000,164,4136,606582
4000,3295,7580,592525
4000,689,1285,562065
4000,2547,8420,565360
4000,2982,6695,561635
4000,3918,2766,607911
4000,3042,9198,583285
4000,2033,1468,590564
4000,1749,9795,853663
4000,972,2888,857659
4000,2313,2008,904610
4000,701,50,913205
4000,111,595,917911
4000,2658,5387,996363
4000,1010,360,900540
4000,2186,8705,613880
4000,1277,2898,564693
4000,3109,687,606523
4000,1567,157,628033
4000,3440,2427,592759
4000,1676,4321,607904
4000,2050,2264,720370
4000,1674,6394,569212
4000,1467,4796,633486
4000,581,5866,567480
4000,1393,6168,563146
4000,424,7495,607603
4000,2908,2458,561716
4000,326,5407,610524
4000,2518,9862,611855
4000,164,4136,573926
4000,3295,7580,612503
4000,689,1285,731452
4000,2547,8420,574014
4000,2982,6695,608690
4000,3918,2766,598613
4000,3042,9198,605039
4000,2033,1468,568324
4000,1749,9795,562447
4000,972,2888,606726
4000,2313,2008,561462
4000,701,50,618348
4000,111,595,655442
4000,2658,5387,668232
4000,1010,360,675349
4000,2186,8705,665528
4000,1277,2898,625539
4000,3109,687,564069
4000,1567,157,606653
4000,3440,2427,647984
4000,1676,4321,563959
4000,2050,2264,624995
4000,1674,6394,594784
4000,1467,4796,562693
4000,581,5866,611180
4000,1393,6168,562633
4000,424,7495,612039
4000,2908,2458,602966
4000,326,5407,562537
4000,2518,9862,645955
4000,164,4136,671560
4000,3295,7580,563259
4000,689,1285,612146
4000,2547,8420,563539
4000,2982,6695,608731
4000,3918,2766,606602
4000,3042,9198,561971
4000,2033,1468,606223
4000,1749,9795,561754
4000,972,2888,599519
4000,2313,2008,600208
4000,701,50,643800
4000,111,595,643904
4000,2658,5387,613352
4000,1010,360,567844
4000,2186,8705,694878
4000,1277,2898,564926
4000,3109,687,630218
4000,1567,157,660967
4000,3440,2427,604198
4000,1676,4321,646544
4000,2050,2264,606692
4000,1674,6394,566527
4000,1467,4796,607558
4000,581,5866,620536
4000,1393,6168,576516
4000,424,7495,623420
4000,2908,2458,640724
4000,326,5407,687168
4000,2518,9862,628607
4000,164,4136,626767
4000,3295,7580,577025
4000,689,1285,619553
4000,2547,8420,617559
4000,2982,6695,576762
4000,3918,2766,618286
4000,3042,9198,598329
4000,2033,1468,593781
4000,1749,9795,635703
4000,972,2888,663262
4000,2313,2008,622332
4000,701,50,617365
4000,111,595,575664
4000,2658,5387,621567
4000,1010,360,623676
4000,2186,8705,627550
4000,1277,2898,617865
4000,3109,687,620992
4000,1567,157,576378
4000,3440,2427,620622
4000,1676,4321,580714
4000,2050,2264,590179
4000,1674,6394,581573
4000,1467,4796,582558
4000,581,5866,586878
4000,1393,6168,692748
4000,424,7495,621208
4000,2908,2458,639786
4000,326,5407,623144
4000,2518,9862,577201
4000,164,4136,623959
4000,3295,7580,582598
4000,689,1285,576918
4000,2547,8420,584116
4000,2982,6695,582482
4000,3918,2766,585881
4000,3042,9198,642845
4000,2033,1468,612768
4000,1749,9795,620583
4000,972,2888,654056
4000,2313,2008,576706
4000,701,50,625492
4000,111,595,576462
4000,2658,5387,576256
4000,1010,360,584427
4000,2186,8705,587074
4000,1277,2898,618033
4000,3109,687,577588
4000,1567,157,616030
4000,3440,2427,624459
4000,1676,4321,594965
4000,2050,2264,630859
4000,1674,6394,620498
4000,1467,4796,577263
4000,581,5866,623533
4000,1393,6168,635236
4000,424,7495,576658
4000,2908,2458,626013
4000,326,5407,578984
4000,2518,9862,622859
4000,164,4136,624789
4000,3295,7580,581676
4000,689,1285,627390
4000,2547,8420,620627
4000,2982,6695,576793
4000,3918,2766,584738
4000,3042,9198,606281
4000,2033,1468,576786
4000,1749,9795,586408
4000,972,2888,597532
4000,2313,2008,601482
4000,701,50,673020
4000,111,595,593659
4000,2658,5387,586146
4000,1010,360,653525
4000,2186,8705,593915
4000,1277,2898,585062
4000,3109,687,577652
4000,1567,157,584346
4000,3440,2427,582994
4000,1676,4321,590355
4000,2050,2264,593333
4000,1674,6394,577131
4000,1467,4796,617169
4000,581,5866,585036
4000,1393,6168,576645
4000,424,7495,582542
4000,2908,2458,576919
4000,326,5407,582204
4000,2518,9862,582102
4000,164,4136,589601
4000,3295,7580,583868
4000,689,1285,601065
4000,2547,8420,607856
4000,2982,6695,600084
4000,3918,2766,576735
4000,3042,9198,586234
4000,2033,1468,585819
4000,1749,9795,576581
4000,972,2888,582784
4000,2313,2008,576813
4000,701,50,582681
4000,111,595,579960
4000,2658,5387,593613
4000,1010,360,660057
4000,2186,8705,583319
4000,1277,2898,582776
4000,3109,687,582170
4000,1567,157,576996
4000,3440,2427,580507
4000,1676,4321,576151
4000,2050,2264,597138
4000,1674,6394,581472
4000,1467,4796,585358
4000,581,5866,581596
4000,1393,6168,580581
4000,424,7495,576690
4000,2908,2458,578795
4000,326,5407,575828
4000,2518,9862,579900
4000,164,4136,575783
4000,3295,7580,579811
4000,689,1285,581792
4000,2547,8420,584251
4000,2982,6695,580247
4000,3918,2766,580548
4000,3042,9198,576258
4000,2033,1468,580273
4000,1749,9795,576560
4000,972,2888,579847
4000,2313,2008,577152
4000,701,50,578912
4000,111,595,583608
4000,2658,5387,576317
4000,1010,360,583668
4000,2186,8705,582430
4000,1277,2898,581688
4000,3109,687,581370
4000,1567,157,576385
4000,3440,2427,580161
4000,1676,4321,586199
4000,2050,2264,578681
4000,1674,6394,582827
4000,1467,4796,582524
4000,581,5866,582069
4000,1393,6168,582211
4000,424,7495,576010
4000,2908,2458,581993
4000,326,5407,576268
4000,2518,9862,580130
4000,164,4136,575355
4000,3295,7580,588609
4000,689,1285,586013
4000,2547,8420,576748
4000,2982,6695,606775
4000,3918,2766,583252
4000,3042,9198,576242
4000,2033,1468,581056
4000,1749,9795,576202
4000,972,2888,582451
4000,2313,2008,581851
4000,701,50,575188
4000,111,595,579738
4000,2658,5387,589431
4000,1010,360,581439
4000,2186,8705,590842
4000,1277,2898,577972
4000,3109,687,732246
4000,1567,157,586850
4000,3440,2427,737647
4000,1676,4321,586161
4000,2050,2264,689277
4000,1674,6394,578357
4000,1467,4796,651386
4000,581,5866,714433
4000,1393,6168,578501
4000,424,7495,626810
4000,2908,2458,752114
4000,326,5407,588210
4000,2518,9862,826964
4000,164,4136,661167
4000,3295,7580,650678
4000,689,1285,578680
4000,2547,8420,584547
4000,2982,6695,584353
4000,3918,2766,576453
4000,3042,9198,635665
4000,2033,1468,719960
4000,1749,9795,579876
4000,972,2888,716009
4000,2313,2008,642804
4000,701,50,577664
4000,111,595,645025
4000,2658,5387,584674
4000,1010,360,576725
4000,2186,8705,591399
4000,1277,2898,597787
4000,3109,687,585846
4000,1567,157,609982
4000,3440,2427,577966
4000,1676,4321,583020
4000,2050,2264,577210
4000,1674,6394,583153
4000,1467,4796,584426
4000,581,5866,577159
4000,1393,6168,599338
4000,424,7495,583228
4000,2908,2458,604522
4000,326,5407,588462
4000,2518,9862,583273
4000,164,4136,584227
4000,3295,7580,575685
4000,689,1285,581813
4000,2547,8420,580789
4000,2982,6695,576855
4000,3918,2766,581074
4000,3042,9198,575829
4000,2033,1468,583706
4000,1749,9795,589439
4000,972,2888,589488
4000,2313,2008,586321
4000,701,50,582910
4000,111,595,584366
4000,2658,5387,605876
4000,1010,360,585425
4000,2186,8705,590700
4000,1277,2898,665889
4000,3109,687,585847
4000,1567,157,591801
4000,3440,2427,596225
4000,1676,4321,624078
4000,2050,2264,583379
4000,1674,6394,583898
4000,1467,4796,577589
4000,581,5866,603376
4000,1393,6168,576908
4000,424,7495,600023
4000,2908,2458,624040
4000,326,5407,585295
4000,2518,9862,602096
4000,164,4136,577014
4000,3295,7580,581287
4000,689,1285,585401
4000,2547,8420,588607
4000,2982,6695,584025
4000,3918,2766,582954
4000,3042,9198,576261
4000,2033,1468,597991
4000,1749,9795,600910
4000,972,2888,586644
4000,2313,2008,592924
4000,701,50,576166
4000,111,595,585007
4000,2658,5387,575978
4000,1010,360,576177
4000,2186,8705,589950
4000,1277,2898,646193
4000,3109,687,597454
4000,1567,157,583661
4000,3440,2427,577930
4000,1676,4321,582097
4000,2050,2264,583148
4000,1674,6394,583329
4000,1467,4796,581769
4000,581,5866,579725
4000,1393,6168,782117
4000,424,7495,609905
4000,2908,2458,613725
4000,326,5407,584615
4000,2518,9862,584541
4000,164,4136,576507
4000,3295,7580,581579
4000,689,1285,576354
4000,2547,8420,582420
4000,2982,6695,581485
4000,3918,2766,578629
4000,3042,9198,731550
4000,2033,1468,667902
4000,1749,9795,579213
4000,972,2888,585854
4000,2313,2008,582843
4000,701,50,576054
4000,111,595,614358
4000,2658,5387,574992
4000,1010,360,581328
4000,2186,8705,575478
4000,1277,2898,599083
4000,3109,687,605907
4000,1567,157,562267
4000,3440,2427,609506
4000,1676,4321,565285
4000,2050,2264,562301
4000,1674,6394,565669
4000,1467,4796,644121
4000,581,5866,598423
4000,1393,6168,599371
4000,424,7495,563240
4000,2908,2458,637203
4000,326,5407,602122
4000,2518,9862,562074
4000,164,4136,603407
4000,3295,7580,562400
4000,689,1285,602855
4000,2547,8420,608734
4000,2982,6695,562745
4000,3918,2766,625322
4000,3042,9198,562059
4000,2033,1468,575501
4000,1749,9795,609868
4000,972,2888,562153
4000,2313,2008,607924
4000,701,50,564917
4000,111,595,604407
4000,2658,5387,614418
4000,1010,360,561506
4000,2186,8705,613528
4000,1277,2898,567787
4000,3109,687,562777
4000,1567,157,607370
4000,3440,2427,562296
4000,1676,4321,608806
4000,2050,2264,565950
4000,1674,6394,562993
4000,1467,4796,602776
4000,581,5866,570860
4000,1393,6168,568994
4000,424,7495,610968
4000,2908,2458,571790
4000,326,5407,629518
4000,2518,9862,566522
4000,164,4136,608702
4000,3295,7580,616338
4000,689,1285,562842
4000,2547,8420,604187
4000,2982,6695,566953
4000,3918,2766,562528
4000,3042,9198,565479
4000,2033,1468,561830
4000,1749,9795,569631
4000,972,2888,561761
4000,2313,2008,565029
4000,701,50,571735
4000,111,595,580811
4000,2658,5387,569758
4000,1010,360,568476
4000,2186,8705,619238
4000,1277,2898,646113
4000,3109,687,563267
4000,1567,157,611313
4000,3440,2427,592853
4000,1676,4321,578167
4000,2050,2264,614260
4000,1674,6394,591043
4000,1467,4796,575361
4000,581,5866,598790
4000,1393,6168,561478
4000,424,7495,608162
4000,2908,2458,565855
4000,326,5407,605964
4000,2518,9862,608500
4000,164,4136,562126
4000,3295,7580,607828
4000,689,1285,606349
4000,2547,8420,563278
4000,2982,6695,570492
4000,3918,2766,562728
4000,3042,9198,573147
4000,2033,1468,571649
4000,1749,9795,562838
4000,972,2888,570379
4000,2313,2008,562023
4000,701,50,568273
4000,111,595,576562
4000,2658,5387,565829
4000,1010,360,604239
4000,2186,8705,582454
4000,1277,2898,612414
4000,3109,687,562944
4000,1567,157,604381
4000,3440,2427,606097
4000,1676,4321,562955
4000,2050,2264,602566
4000,1674,6394,603361
4000,1467,4796,562873
4000,581,5866,601603
4000,1393,6168,562458
4000,424,7495,604687
4000,2908,2458,610125
4000,326,5407,563202
4000,2518,9862,619706
4000,164,4136,568975
4000,3295,7580,601964
4000,689,1285,608160
4000,2547,8420,563314
4000,2982,6695,605147
4000,3918,2766,685232
4000,3042,9198,563063
4000,2033,1468,602455
4000,1749,9795,561517
4000,972,2888,613806
4000,2313,2008,608542
4000,701,50,605057
4000,111,595,616083
4000,2658,5387,644853
4000,1010,360,562902
4000,2186,8705,615998
4000,1277,2898,583750
4000,3109,687,614859
4000,1567,157,628983
4000,3440,2427,628481
4000,1676,4321,565904
4000,2050,2264,622391
4000,1674,6394,601513
4000,1467,4796,607674
4000,581,5866,612822
4000,1393,6168,562022
4000,424,7495,609334
4000,2908,2458,625176
4000,326,5407,607577
4000,2518,9862,627552
4000,164,4136,562966
4000,3295,7580,597182
4000,689,1285,585540
4000,2547,8420,562953
4000,2982,6695,608169
4000,3918,2766,562294
4000,3042,9198,607103
4000,2033,1468,608892
4000,1749,9795,562432
4000,972,2888,566438
4000,2313,2008,609776
4000,701,50,675471
4000,111,595,614660
4000,2658,5387,591600
4000,1010,360,562550
4000,2186,8705,573424
4000,1277,2898,577224
4000,3109,687,609279
4000,1567,157,616993
4000,3440,2427,603862
4000,1676,4321,615775
4000,2050,2264,562515
4000,1674,6394,599707
4000,1467,4796,566606
4000,581,5866,562466
4000,1393,6168,565642
4000,424,7495,562557
4000,2908,2458,565574
4000,326,5407,564713
4000,2518,9862,576711
4000,164,4136,631756
4000,3295,7580,562048
4000,689,1285,583793
4000,2547,8420,601125
4000,2982,6695,561714
4000,3918,2766,609912
4000,3042,9198,582069
4000,2033,1468,618005
4000,1749,9795,605694
4000,972,2888,562703
4000,2313,2008,610780
4000,701,50,660518
4000,111,595,578702
4000,2658,5387,634361
4000,1010,360,601028
4000,2186,8705,631241
4000,1277,2898,616588
4000,3109,687,600364
4000,1567,157,564243
4000,3440,2427,611995
4000,1676,4321,568322
4000,2050,2264,609802
4000,1674,6394,613787
4000,1467,4796,562307
4000,581,5866,604723
4000,1393,6168,592867
4000,424,7495,574535
4000,2908,2458,619622
4000,326,5407,576605
4000,2518,9862,599326
4000,164,4136,627197
4000,3295,7580,562895
4000,689,1285,613166
4000,2547,8420,562313
4000,2982,6695,616317
4000,3918,2766,569141
4000,3042,9198,561753
4000,2033,1468,584484
4000,1749,9795,578390
4000,972,2888,572664
4000,2313,2008,682731
4000,701,50,570298
4000,111,595,618857
4000,2658,5387,614448
4000,1010,360,562162
4000,2186,8705,614569
4000,1277,2898,566592
4000,3109,687,615562
4000,1567,157,567653
4000,3440,2427,586989
4000,1676,4321,572394
4000,2050,2264,567129
4000,1674,6394,562904
4000,1467,4796,565972
4000,581,5866,562546
4000,1393,6168,565793
4000,424,7495,563001
4000,2908,2458,604939
4000,326,5407,651179
4000,2518,9862,564679
4000,164,4136,620163
4000,3295,7580,564482
4000,689,1285,633683
4000,2547,8420,606340
4000,2982,6695,561910
4000,3918,2766,602044
4000,3042,9198,602241
4000,2033,1468,562604
4000,1749,9795,605441
4000,972,2888,587840
4000,2313,2008,659059
4000,701,50,721941
4000,111,595,617893
4000,2658,5387,562433
4000,1010,360,600743
4000,2186,8705,578613
4000,1277,2898,612183
4000,3109,687,616434
4000,1567,157,563197
4000,3440,2427,613764
4000,1676,4321,567667
4000,2050,2264,562408
4000,1674,6394,581161
4000,1467,4796,566730
4000,581,5866,606287
4000,1393,6168,628139
4000,424,7495,568220
4000,2908,2458,617710
4000,326,5407,573536
4000,2518,9862,605906
4000,164,4136,614340
4000,3295,7580,562484
4000,689,1285,607599
4000,2547,8420,567294
4000,2982,6695,562358
4000,3918,2766,577582
4000,3042,9198,579437
4000,2033,1468,585745
4000,1749,9795,574050
4000,972,2888,610166
4000,2313,2008,582574
4000,701,50,576715
4000,111,595,581665
4000,2658,5387,581810
4000,1010,360,576228
4000,2186,8705,589164
4000,1277,2898,607351
4000,3109,687,581687
4000,1567,157,582148
4000,3440,2427,578258
4000,1676,4321,583171
4000,2050,2264,596610
4000,1674,6394,576756
4000,1467,4796,580226
4000,581,5866,576575
4000,1393,6168,579701
4000,424,7495,580278
4000,2908,2458,576384
4000,326,5407,579656
4000,2518,9862,575909
4000,164,4136,579608
4000,3295,7580,575702
4000,689,1285,577173
4000,2547,8420,579507
4000,2982,6695,576871
4000,3918,2766,579328
4000,3042,9198,579787
4000,2033,1468,576479
4000,1749,9795,580039
4000,972,2888,593312
4000,2313,2008,602727
4000,701,50,646767
4000,111,595,577180
4000,2658,5387,580045
4000,1010,360,575513
4000,2186,8705,602112
4000,1277,2898,590664
4000,3109,687,577771
4000,1567,157,585309
4000,3440,2427,577173
4000,1676,4321,576701
4000,2050,2264,594527
4000,1674,6394,592720
4000,1467,4796,583257
4000,581,5866,595823
4000,1393,6168,591997
4000,424,7495,592501
4000,2908,2458,583053
4000,326,5407,599953
4000,2518,9862,583467
4000,164,4136,576629
4000,3295,7580,582822
4000,689,1285,576350
4000,2547,8420,591633
4000,2982,6695,589583
4000,3918,2766,586623
4000,3042,9198,596843
4000,2033,1468,594054
4000,1749,9795,582842
4000,972,2888,582360
4000,2313,2008,576243
4000,701,50,580440
4000,111,595,579871
4000,2658,5387,575468
4000,1010,360,578052
4000,2186,8705,586348
4000,1277,2898,582444
4000,3109,687,576765
4000,1567,157,580041
4000,3440,2427,579395
4000,1676,4321,576015
4000,2050,2264,595521
4000,1674,6394,576070
4000,1467,4796,587998
4000,581,5866,613466
4000,1393,6168,577047
4000,424,7495,580803
4000,2908,2458,580428
4000,326,5407,576290
4000,2518,9862,579050
4000,164,4136,576057
4000,3295,7580,579222
4000,689,1285,579867
4000,2547,8420,598974
4000,2982,6695,585923
4000,3918,2766,576320
4000,3042,9198,580202
4000,2033,1468,580787
4000,1749,9795,576215
4000,972,2888,579890
4000,2313,2008,613597
4000,701,50,617651
4000,111,595,585428
4000,2658,5387,576228
4000,1010,360,581429
4000,2186,8705,584607
4000,1277,2898,584848
4000,3109,687,587311
4000,1567,157,577956
4000,3440,2427,582674
4000,1676,4321,597351
4000,2050,2264,588796
4000,1674,6394,588464
4000,1467,4796,586889
4000,581,5866,599447
4000,1393,6168,593551
4000,424,7495,577665
4000,2908,2458,582131
4000,326,5407,576527
4000,2518,9862,584480
4000,164,4136,585293
4000,3295,7580,576320
4000,689,1285,644157
4000,2547,8420,602501
4000,2982,6695,585420
4000,3918,2766,597099
4000,3042,9198,593039
4000,2033,1468,583225
4000,1749,9795,582311
4000,972,2888,576223
4000,2313,2008,581475
4000,701,50,575334
4000,111,595,581402
4000,2658,5387,583166
4000,1010,360,576113
4000,2186,8705,598543
4000,1277,2898,578279
4000,3109,687,582915
4000,1567,157,580755
4000,3440,2427,576802
4000,1676,4321,580764
4000,2050,2264,577543
4000,1674,6394,579926
4000,1467,4796,580637
4000,581,5866,576203
4000,1393,6168,599331
4000,424,7495,576451
4000,2908,2458,580631
4000,326,5407,579299
4000,2518,9862,575685
4000,164,4136,579347
4000,3295,7580,665202
4000,689,1285,622898
4000,2547,8420,589317
4000,2982,6695,608792
4000,3918,2766,583053
4000,3042,9198,579766
4000,2033,1468,577046
4000,1749,9795,579567
4000,972,2888,575687
4000,2313,2008,615496
4000,701,50,591661
4000,111,595,576767
4000,2658,5387,581347
4000,1010,360,583474
4000,2186,8705,617123
4000,1277,2898,613739
4000,3109,687,563582
4000,1567,157,621485
4000,3440,2427,617749
4000,1676,4321,563476
4000,2050,2264,631323
4000,1674,6394,647268
4000,1467,4796,563031
4000,581,5866,567704
4000,1393,6168,562819
4000,424,7495,608217
4000,2908,2458,628708
4000,326,5407,562351
4000,2518,9862,612206
4000,164,4136,571832
4000,3295,7580,606969
4000,689,1285,640302
4000,2547,8420,563304
4000,2982,6695,604830
4000,3918,2766,611277
4000,3042,9198,563085
4000,2033,1468,612324
4000,1749,9795,562578
4000,972,2888,627309
4000,2313,2008,609378
4000,701,50,562469
4000,111,595,615554
4000,2658,5387,567641
4000,1010,360,562274
5000,2884,3703,783353
5000,3292,4296,787170
5000,806,7723,775014
5000,3307,223,783937
5000,4631,2260,744048
5000,1392,3902,799603
5000,2732,5874,775253
5000,301,11,864397
5000,4231,4703,772099
5000,3261,723,740998
5000,2644,7478,765330
5000,784,1312,779749
5000,1987,5378,782411
5000,3903,1318,785365
5000,1285,8983,839378
5000,423,8775,767531
5000,214,5747,751422
5000,270,2527,789004
5000,195,7912,835397
5000,1854,3936,781970
5000,3085,5532,780103
5000,788,2021,735865
5000,1203,2630,818928
5000,227,8451,781126
5000,2306,5383,791081
5000,1340,6893,740176
5000,4538,8126,771374
5000,3792,5952,736203
5000,174,2901,777868
5000,1430,2604,783325
5000,2884,3703,795546
5000,3292,4296,783111
5000,806,7723,734074
5000,3307,223,776856
5000,4631,2260,781355
5000,1392,3902,828614
5000,2732,5874,787662
5000,301,11,791321
5000,4231,4703,736645
5000,3261,723,798428
5000,2644,7478,782123
5000,784,1312,780244
5000,1987,5378,767073
5000,3903,1318,734030
5000,1285,8983,746543
5000,423,8775,814988
5000,214,5747,763553
5000,270,2527,759363
5000,195,7912,754565
5000,1854,3936,762970
5000,3085,5532,757764
5000,788,2021,757639
5000,1203,2630,757472
5000,227,8451,764444
5000,2306,5383,786415
5000,1340,6893,774932
5000,4538,8126,761179
5000,3792,5952,758706
5000,174,2901,754420
5000,1430,2604,758112
5000,2884,3703,772315
5000,3292,4296,756823
5000,806,7723,765860
5000,3307,223,768200
5000,4631,2260,789469
5000,1392,3902,759720
5000,2732,5874,757905
5000,301,11,758598
5000,4231,4703,753535
5000,3261,723,778065
5000,2644,7478,758998
5000,784,1312,759742
5000,1987,5378,757780
5000,3903,1318,753031
5000,1285,8983,757299
5000,423,8775,756371
5000,214,5747,758077
5000,270,2527,760835
5000,195,7912,753783
5000,1854,3936,757349
5000,3085,5532,757088
5000,788,2021,758274
5000,1203,2630,753930
5000,227,8451,757339
5000,2306,5383,757341
5000,1340,6893,760102
5000,4538,8126,765440
5000,3792,5952,754084
5000,174,2901,757862
5000,1430,2604,756075
5000,2884,3703,768955
5000,3292,4296,757021
5000,806,7723,753104
5000,3307,223,756977
5000,4631,2260,756480
5000,1392,3902,754456
5000,2732,5874,772463
5000,301,11,753723
5000,4231,4703,757143
5000,3261,723,756325
5000,2644,7478,757697
5000,784,1312,774402
5000,1987,5378,755002
5000,3903,1318,758075
5000,1285,8983,757549
5000,423,8775,756716
5000,214,5747,754611
5000,270,2527,754676
5000,195,7912,758334
5000,1854,3936,758132
5000,3085,5532,757607
5000,788,2021,754231
5000,1203,2630,757179
5000,227,8451,786702
5000,2306,5383,856263
5000,1340,6893,761830
5000,4538,8126,753631
5000,3792,5952,800287
5000,174,2901,759817
5000,1430,2604,773509
5000,2884,3703,814255
5000,3292,4296,796578
5000,806,7723,757370
5000,3307,223,776795
5000,4631,2260,808344
5000,1392,3902,797402
5000,2732,5874,793755
5000,301,11,819946
5000,4231,4703,753175
5000,3261,723,767678
5000,2644,7478,796021
5000,784,1312,799170
5000,1987,5378,799639
5000,3903,1318,756038
5000,1285,8983,752491
5000,423,8775,815732
5000,214,5747,758621
5000,270,2527,813080
5000,195,7912,792355
5000,1854,3936,764472
5000,3085,5532,802366
5000,788,2021,808867
5000,1203,2630,797923
5000,227,8451,801064
5000,2306,5383,758317
5000,1340,6893,971998
5000,4538,8126,822088
5000,3792,5952,794861
5000,174,2901,803133
5000,1430,2604,803843
5000,2884,3703,876621
5000,3292,4296,799976
5000,806,7723,796761
5000,3307,223,753375
5000,4631,2260,799870
5000,1392,3902,795883
5000,2732,5874,758247
5000,301,11,821257
5000,4231,4703,923874
5000,3261,723,757117
5000,2644,7478,754077
5000,784,1312,779088
5000,1987,5378,760877
5000,3903,1318,757921
5000,1285,8983,753166
5000,423,8775,759874
5000,214,5747,757200
5000,270,2527,756558
5000,195,7912,763545
5000,1854,3936,752811
5000,3085,5532,758060
5000,788,2021,758313
5000,1203,2630,757488
5000,227,8451,757292
5000,2306,5383,754810
5000,1340,6893,774719
5000,4538,8126,787811
5000,3792,5952,791528
5000,174,2901,761258
5000,1430,2604,755205
5000,2884,3703,782659
5000,3292,4296,836836
5000,806,7723,759142
5000,3307,223,782864
5000,4631,2260,734029
5000,1392,3902,777148
5000,2732,5874,803455
5000,301,11,816539
5000,4231,4703,776667
5000,3261,723,896815
5000,2644,7478,794654
5000,784,1312,737377
5000,1987,5378,787810
5000,3903,1318,784902
5000,1285,8983,791634
5000,423,8775,781696
5000,214,5747,734343
5000,270,2527,796161
5000,195,7912,760046
5000,1854,3936,805632
5000,3085,5532,743348
5000,788,2021,736162
5000,1203,2630,742896
5000,227,8451,742738
5000,2306,5383,741248
5000,1340,6893,735623
5000,4538,8126,957789
5000,3792,5952,817035
5000,174,2901,771666
5000,1430,2604,779577
5000,2884,3703,789828
5000,3292,4296,779786
5000,806,7723,733928
5000,3307,223,782530
5000,4631,2260,781165
5000,1392,3902,782431
5000,2732,5874,736851
5000,301,11,735754
5000,4231,4703,759156
5000,3261,723,739830
5000,2644,7478,791445
5000,784,1312,740127
5000,1987,5378,774462
5000,3903,1318,798506
5000,1285,8983,741205
5000,423,8775,740195
5000,214,5747,735724
5000,270,2527,734818
5000,195,7912,740438
5000,1854,3936,739039
5000,3085,5532,738670
5000,788,2021,734862
5000,1203,2630,737269
5000,227,8451,736841
5000,2306,5383,772718
5000,1340,6893,735495
5000,4538,8126,740928
5000,3792,5952,786903
5000,174,2901,776227
5000,1430,2604,740612
5000,2884,3703,746525
5000,3292,4296,742021
5000,806,7723,788821
5000,3307,223,779504
5000,4631,2260,734077
5000,1392,3902,733717
5000,2732,5874,789193
5000,301,11,758994
5000,4231,4703,741575
5000,3261,723,735428
5000,2644,7478,734417
5000,784,1312,782416
5000,1987,5378,820021
5000,3903,1318,792303
5000,1285,8983,743107
5000,423,8775,737146
5000,214,5747,785744
5000,270,2527,783405
5000,195,7912,779448
5000,1854,3936,822861
5000,3085,5532,735479
5000,788,2021,780452
5000,1203,2630,776168
5000,227,8451,798394
5000,2306,5383,790046
5000,1340,6893,736350
5000,4538,8126,782103
5000,3792,5952,782522
5000,174,2901,850175
5000,1430,2604,836938
5000,2884,3703,796005
5000,3292,4296,780079
5000,806,7723,749097
5000,3307,223,970058
5000,4631,2260,821474
5000,1392,3902,778487
5000,2732,5874,771748
5000,301,11,837651
5000,4231,4703,778833
5000,3261,723,743052
5000,2644,7478,826791
5000,784,1312,907330
5000,1987,5378,844741
5000,3903,1318,779138
5000,1285,8983,742163
5000,423,8775,760026
5000,214,5747,735043
5000,270,2527,780042
5000,195,7912,739905
5000,1854,3936,899115
5000,3085,5532,840922
5000,788,2021,795596
5000,1203,2630,736729
5000,227,8451,785764
5000,2306,5383,782411
5000,1340,6893,784439
5000,4538,8126,740256
5000,3792,5952,776913
5000,174,2901,904341
5000,1430,2604,854750
5000,2884,3703,792557
5000,3292,4296,779945
5000,806,7723,781649
5000,3307,223,780219
5000,4631,2260,734659
5000,1392,3902,782472
5000,2732,5874,781396
5000,301,11,779102
5000,4231,4703,789999
5000,3261,723,734244
5000,2644,7478,738680
5000,784,1312,775413
5000,1987,5378,815460
5000,3903,1318,797222
5000,1285,8983,735529
5000,423,8775,779015
5000,214,5747,781650
5000,270,2527,780666
5000,195,7912,741547
5000,1854,3936,736062
5000,3085,5532,750454
5000,788,2021,775938
5000,1203,2630,777178
5000,227,8451,781220
5000,2306,5383,734343
5000,1340,6893,779867
5000,4538,8126,782982
5000,3792,5952,741603
5000,174,2901,771669
5000,1430,2604,734986
5000,2884,3703,786885
5000,3292,4296,739819
5000,806,7723,797470
5000,3307,223,800223
5000,4631,2260,786479
5000,1392,3902,792051
5000,2732,5874,785698
5000,301,11,841727
5000,4231,4703,781230
5000,3261,723,780333
5000,2644,7478,779996
5000,784,1312,745035
5000,1987,5378,825860
5000,3903,1318,776613
5000,1285,8983,792116
5000,423,8775,939892
5000,214,5747,793121
5000,270,2527,742321
5000,195,7912,755033
5000,1854,3936,808708
5000,3085,5532,798129
5000,788,2021,777796
5000,1203,2630,741868
5000,227,8451,736623
5000,2306,5383,807707
5000,1340,6893,796310
5000,4538,8126,780107
5000,3792,5952,836987
5000,174,2901,736352
5000,1430,2604,792774
5000,2884,3703,793173
5000,3292,4296,792884
5000,806,7723,773540
5000,3307,223,734736
5000,4631,2260,907012
5000,1392,3902,922619
5000,2732,5874,813048
5000,301,11,820271
5000,4231,4703,781718
5000,3261,723,792124
5000,2644,7478,781118
5000,784,1312,735356
5000,1987,5378,740106
5000,3903,1318,783167
5000,1285,8983,760008
5000,423,8775,742309
5000,214,5747,734488
5000,270,2527,781459
5000,195,7912,737896
5000,1854,3936,768109
5000,3085,5532,777667
5000,788,2021,735554
5000,1203,2630,775899
5000,227,8451,777184
5000,2306,5383,747940
5000,1340,6893,735708
5000,4538,8126,739328
5000,3792,5952,738320
5000,174,2901,778419
5000,1430,2604,777405
5000,2884,3703,800402
5000,3292,4296,778751
5000,806,7723,880757
5000,3307,223,781277
5000,4631,2260,734756
5000,1392,3902,747225
5000,2732,5874,801478
5000,301,11,744921
5000,4231,4703,785866
5000,3261,723,789854
5000,2644,7478,823623
5000,784,1312,773758
5000,1987,5378,797446
5000,3903,1318,799196
5000,1285,8983,798218
5000,423,8775,786575
5000,214,5747,753519
5000,270,2527,757371
5000,195,7912,764664
5000,1854,3936,887228
5000,3085,5532,850544
5000,788,2021,759394
5000,1203,2630,753717
5000,227,8451,758995
5000,2306,5383,767104
5000,1340,6893,757836
5000,4538,8126,758774
5000,3792,5952,780788
5000,174,2901,766400
5000,1430,2604,759439
5000,2884,3703,768542
5000,3292,4296,767103
5000,806,7723,792536
5000,3307,223,760907
5000,4631,2260,759313
5000,1392,3902,756626
5000,2732,5874,755701
5000,301,11,766644
5000,4231,4703,779085
5000,3261,723,782536
5000,2644,7478,762669
5000,784,1312,791088
5000,1987,5378,754124
5000,3903,1318,756569
5000,1285,8983,756842
5000,423,8775,760932
5000,214,5747,770217
5000,270,2527,768156
5000,195,7912,754320
5000,1854,3936,905853
5000,3085,5532,761065
5000,788,2021,758968
5000,1203,2630,760110
5000,227,8451,755203
5000,2306,5383,759487
5000,1340,6893,795585
5000,4538,8126,761123
5000,3792,5952,754391
5000,174,2901,789070
5000,1430,2604,761779
5000,2884,3703,770128
5000,3292,4296,756111
5000,806,7723,770767
5000,3307,223,755387
5000,4631,2260,779365
5000,1392,3902,759084
5000,2732,5874,756908
5000,301,11,754250
5000,4231,4703,792786
5000,3261,723,759465
5000,2644,7478,759697
5000,784,1312,763462
5000,1987,5378,780820
5000,3903,1318,764735
5000,1285,8983,760567
5000,423,8775,759801
5000,214,5747,758316
5000,270,2527,768692
5000,195,7912,756300
5000,1854,3936,758027
5000,3085,5532,762436
5000,788,2021,769854
5000,1203,2630,764260
5000,227,8451,770200
5000,2306,5383,759235
5000,1340,6893,769931
5000,4538,8126,759310
5000,3792,5952,754304
5000,174,2901,758820
5000,1430,2604,766306
5000,2884,3703,780409
5000,3292,4296,758608
5000,806,7723,752341
5000,3307,223,773013
5000,4631,2260,927366
5000,1392,3902,858646
5000,2732,5874,842860
5000,301,11,809184
5000,4231,4703,844176
5000,3261,723,816418
5000,2644,7478,753101
5000,784,1312,798771
5000,1987,5378,861526
5000,3903,1318,817823
5000,1285,8983,777044
5000,423,8775,793258
5000,214,5747,759916
5000,270,2527,764794
5000,195,7912,776507
5000,1854,3936,798057
5000,3085,5532,864868
5000,788,2021,823486
5000,1203,2630,769315
5000,227,8451,755643
5000,2306,5383,754593
5000,1340,6893,770814
5000,4538,8126,769875
5000,3792,5952,757337
5000,174,2901,788582
5000,1430,2604,807996
5000,2884,3703,769085
5000,3292,4296,756244
5000,806,7723,758272
5000,3307,223,757762
5000,4631,2260,762244
5000,1392,3902,758487
5000,2732,5874,757787
5000,301,11,759226
5000,4231,4703,753523
5000,3261,723,876025
5000,2644,7478,764719
5000,784,1312,761492
5000,1987,5378,774211
5000,3903,1318,761373
5000,1285,8983,774899
5000,423,8775,759194
5000,214,5747,760185
5000,270,2527,775582
5000,195,7912,767839
5000,1854,3936,753888
5000,3085,5532,764383
5000,788,2021,810209
5000,1203,2630,854844
5000,227,8451,760562
5000,2306,5383,760325
5000,1340,6893,754018
5000,4538,8126,759905
5000,3792,5952,758139
5000,174,2901,759215
5000,1430,2604,753940
5000,2884,3703,808534
5000,3292,4296,768589
5000,806,7723,759239
5000,3307,223,758108
5000,4631,2260,793446
5000,1392,3902,818457
5000,2732,5874,760595
5000,301,11,759883
5000,4231,4703,757968
5000,3261,723,757941
5000,2644,7478,754355
5000,784,1312,777064
5000,1987,5378,756774
5000,3903,1318,864500
5000,1285,8983,761581
5000,423,8775,753309
5000,214,5747,762318
5000,270,2527,757247
5000,195,7912,757231
5000,1854,3936,755384
5000,3085,5532,752474
5000,788,2021,767463
5000,1203,2630,847755
5000,227,8451,760992
5000,2306,5383,763785
5000,1340,6893,754052
5000,4538,8126,760354
5000,3792,5952,759994
5000,174,2901,759842
5000,1430,2604,758941
5000,2884,3703,859597
5000,3292,4296,816096
5000,806,7723,759326
5000,3307,223,758908
5000,4631,2260,776714
5000,1392,3902,818135
5000,2732,5874,822955
5000,301,11,763045
5000,4231,4703,759371
5000,3261,723,758821
5000,2644,7478,814612
5000,784,1312,758105
5000,1987,5378,752907
5000,3903,1318,804119
5000,1285,8983,776717
5000,423,8775,756658
5000,214,5747,762294
5000,270,2527,788100
5000,195,7912,802868
5000,1854,3936,758170
5000,3085,5532,757384
5000,788,2021,833469
5000,1203,2630,797511
5000,227,8451,771981
5000,2306,5383,760931
5000,1340,6893,759360
5000,4538,8126,758674
5000,3792,5952,803904
5000,174,2901,753607
5000,1430,2604,756434
5000,2884,3703,768650
5000,3292,4296,757256
5000,806,7723,756253
5000,3307,223,753636
5000,4631,2260,756316
5000,1392,3902,770896
5000,2732,5874,764889
5000,301,11,765758
5000,4231,4703,754263
5000,3261,723,760666
5000,2644,7478,759270
5000,784,1312,757984
5000,1987,5378,756943
5000,3903,1318,755505
5000,1285,8983,772497
5000,423,8775,756901
5000,214,5747,764990
5000,270,2527,757521
5000,195,7912,755345
5000,1854,3936,757752
5000,3085,5532,757089
5000,788,2021,757281
5000,1203,2630,753084
5000,227,8451,771196
5000,2306,5383,760385
5000,1340,6893,761822
5000,4538,8126,800312
5000,3792,5952,796389
5000,174,2901,762325
5000,1430,2604,795450
5000,2884,3703,867188
5000,3292,4296,798521
5000,806,7723,807672
5000,3307,223,761955
5000,4631,2260,752948
5000,1392,3902,809535
5000,2732,5874,923673
5000,301,11,803003
5000,4231,4703,775602
5000,3261,723,781668
5000,2644,7478,762507
5000,784,1312,765851
5000,1987,5378,760140
5000,3903,1318,759851
5000,1285,8983,785028
5000,423,8775,798861
5000,214,5747,756178
5000,270,2527,754059
5000,195,7912,759417
5000,1854,3936,770357
5000,3085,5532,757041
5000,788,2021,752370
5000,1203,2630,762380
5000,227,8451,774831
5000,2306,5383,780691
5000,1340,6893,800851
5000,4538,8126,755356
5000,3792,5952,758894
5000,174,2901,770122
5000,1430,2604,758242
5000,2884,3703,770958
5000,3292,4296,772280
5000,806,7723,773935
5000,3307,223,758729
5000,4631,2260,771689
5000,1392,3902,820033
5000,2732,5874,780333
5000,301,11,773922
5000,4231,4703,758954
5000,3261,723,776747
5000,2644,7478,852613
5000,784,1312,791954
5000,1987,5378,754135
5000,3903,1318,768386
5000,1285,8983,819360
5000,423,8775,761282
5000,214,5747,759741
5000,270,2527,760501
5000,195,7912,753415
5000,1854,3936,770540
5000,3085,5532,761218
5000,788,2021,756839
5000,1203,2630,795802
5000,227,8451,755073
5000,2306,5383,757575
5000,1340,6893,756906
5000,4538,8126,756727
5000,3792,5952,765386
5000,174,2901,760847
5000,1430,2604,758185
5000,2884,3703,771219
5000,3292,4296,757680
5000,806,7723,756752
5000,3307,223,751809
5000,4631,2260,771694
5000,1392,3902,756375
5000,2732,5874,772066
5000,301,11,767674
5000,4231,4703,827883
5000,3261,723,763816
5000,2644,7478,770095
5000,784,1312,758536
5000,1987,5378,757386
5000,3903,1318,754049
5000,1285,8983,820764
5000,423,8775,1106840
5000,214,5747,1135822
5000,270,2527,887837
5000,195,7912,763654
5000,1854,3936,766076
5000,3085,5532,758598
5000,788,2021,759648
5000,1203,2630,788185
5000,227,8451,754410
5000,2306,5383,770841
5000,1340,6893,758714
5000,4538,8126,758653
5000,3792,5952,773202
5000,174,2901,779855
5000,1430,2604,847585
5000,2884,3703,804154
5000,3292,4296,798003
5000,806,7723,798298
5000,3307,223,813843
5000,4631,2260,755443
5000,1392,3902,917396
5000,2732,5874,754309
5000,301,11,810099
5000,4231,4703,759944
5000,3261,723,757379
5000,2644,7478,755452
5000,784,1312,752217
5000,1987,5378,756015
5000,3903,1318,832298
5000,1285,8983,822874
5000,423,8775,804298
5000,214,5747,759988
5000,270,2527,753446
5000,195,7912,797272
5000,1854,3936,795079
5000,3085,5532,795245
5000,788,2021,798467
5000,1203,2630,805812
5000,227,8451,767630
5000,2306,5383,860956
5000,1340,6893,796584
5000,4538,8126,757273
5000,3792,5952,756979
5000,174,2901,754437
5000,1430,2604,758140
5000,2884,3703,768281
5000,3292,4296,756144
5000,806,7723,755858
5000,3307,223,752768
5000,4631,2260,755726
5000,1392,3902,755531
5000,2732,5874,784392
5000,301,11,769121
5000,4231,4703,754857
5000,3261,723,779591
5000,2644,7478,759015
5000,784,1312,757688
5000,1987,5378,783106
5000,3903,1318,770285
5000,1285,8983,762254
5000,423,8775,775270
5000,214,5747,758683
5000,270,2527,758696
5000,195,7912,753375
5000,1854,3936,762851
5000,3085,5532,756844
5000,788,2021,756738
5000,1203,2630,756751
5000,227,8451,765884
5000,2306,5383,766884
5000,1340,6893,759908
5000,4538,8126,767310
5000,3792,5952,753044
5000,174,2901,760160
5000,1430,2604,759491
5000,2884,3703,768501
5000,3292,4296,756388
5000,806,7723,756588
5000,3307,223,753150
5000,4631,2260,756028
5000,1392,3902,754706
5000,2732,5874,754675
5000,301,11,754445
5000,4231,4703,758287
5000,3261,723,757567
5000,2644,7478,773786
5000,784,1312,757280
5000,1987,5378,753175
5000,3903,1318,758224
5000,1285,8983,757210
5000,423,8775,762865
5000,214,5747,761263
5000,270,2527,781871
5000,195,7912,761486
5000,1854,3936,764104
5000,3085,5532,760710
5000,788,2021,765046
5000,1203,2630,755235
5000,227,8451,757252
5000,2306,5383,757122
5000,1340,6893,756067
5000,4538,8126,753388
5000,3792,5952,757633
5000,174,2901,755574
5000,1430,2604,755450
5000,2884,3703,774973
5000,3292,4296,765143
5000,806,7723,753526
5000,3307,223,767342
5000,4631,2260,758396
5000,1392,3902,755489
5000,2732,5874,783468
5000,301,11,754421
5000,4231,4703,798274
5000,3261,723,766478
5000,2644,7478,758291
5000,784,1312,758229
5000,1987,5378,754424
5000,3903,1318,764923
5000,1285,8983,759220
5000,423,8775,771876
5000,214,5747,773112
5000,270,2527,752984
5000,195,7912,762613
5000,1854,3936,760155
5000,3085,5532,757364
5000,788,2021,757501
5000,1203,2630,763189
5000,227,8451,756151
5000,2306,5383,755736
5000,1340,6893,772381
5000,4538,8126,756159
5000,3792,5952,758965
5000,174,2901,757924
5000,1430,2604,757824
5000,2884,3703,799778
5000,3292,4296,753813
5000,806,7723,759141
5000,3307,223,756263
5000,4631,2260,760552
5000,1392,3902,754694
5000,2732,5874,750995
5000,301,11,757128
5000,4231,4703,760842
5000,3261,723,757851
5000,2644,7478,757435
5000,784,1312,753020
5000,1987,5378,756925
5000,3903,1318,756354
5000,1285,8983,772834
5000,423,8775,754320
5000,214,5747,756589
5000,270,2527,756143
5000,195,7912,805201
5000,1854,3936,761522
5000,3085,5532,760732
5000,788,2021,754869
5000,1203,2630,759196
5000,227,8451,756206
5000,2306,5383,756061
5000,1340,6893,753764
5000,4538,8126,758242
5000,3792,5952,758773
5000,174,2901,757857
5000,1430,2604,759256
5000,2884,3703,764612
5000,3292,4296,763606
5000,806,7723,766912
5000,3307,223,759160
5000,4631,2260,757671
5000,1392,3902,752175
5000,2732,5874,758061
5000,301,11,756319
5000,4231,4703,771532
5000,3261,723,769828
5000,2644,7478,754333
5000,784,1312,760090
5000,1987,5378,758462
5000,3903,1318,755617
5000,1285,8983,753030
5000,423,8775,755048
5000,214,5747,758627
5000,270,2527,757588
5000,195,7912,765888
5000,1854,3936,752807
5000,3085,5532,756150
5000,788,2021,759475
5000,1203,2630,757600
5000,227,8451,757200
5000,2306,5383,753520
5000,1340,6893,761279
5000,4538,8126,756557
5000,3792,5952,759835
5000,174,2901,754070
5000,1430,2604,756046
